customer_id,age,gender,country,acquisition_channel,first_visit_date,last_visit_date,total_visits,time_spent_avg_min,product_views,cart_additions,purchases,total_spent,discount_used,return_rate,satisfaction_score,is_active
C0000,19,Female,Portugal,Google Ads,2024-04-24,2024-06-08,52,7.2,76,25,13,305.21,No,0.04,3.2,No
C0001,30,Female,Italy,Google Ads,2024-08-17,2025-01-24,22,5.4,269,100,50,1319.32,No,0.18,3.3,Yes
C0002,42,Male,Portugal,Email Campaign,2024-06-25,2024-12-06,21,9.2,256,53,20,499.86,No,0.06,3.6,Yes
C0003,54,Male,France,Referral,2024-02-05,2024-02-26,47,4.1,129,45,26,1409.53,Yes,0.2,3.9,Yes
C0004,31,Female,France,Referral,2024-12-15,2025-06-08,9,6.9,246,80,33,983.15,No,0.2,5.0,Yes
C0005,21,Male,France,Instagram,2024-06-10,2024-09-30,22,7.5,79,19,10,550.55,No,0.12,4.0,Yes
C0006,34,Male,Spain,Google Ads,2024-10-14,2025-03-10,21,8.3,265,83,46,1654.9,Yes,0.5,3.3,Yes
C0007,27,Male,Portugal,Referral,2024-08-04,2025-01-13,9,8.3,148,40,23,946.79,Yes,0.35,3.2,Yes
C0008,25,Female,France,TikTok,2024-03-21,2024-07-25,5,8.9,352,121,59,3473.66,Yes,0.26,3.2,Yes
C0009,56,Male,Italy,Google Ads,2024-07-10,2024-08-30,39,9.9,308,109,44,881.01,No,0.25,3.2,Yes
C0010,33,Male,France,Google Ads,2024-10-17,2024-11-16,10,4.9,284,84,19,958.06,Yes,0.08,4.0,Yes
C0011,45,Male,Italy,Organic Search,2024-12-19,2025-02-18,50,7.1,135,37,17,593.93,No,0.08,3.4,No
C0012,55,Male,Spain,Instagram,2024-02-06,2024-08-15,45,6.8,71,17,9,489.47,Yes,0.27,3.6,Yes
C0013,54,Female,Italy,Google Ads,2024-08-30,2024-12-22,17,7.5,77,16,5,184.72,No,0.43,3.1,Yes
C0014,43,Female,Portugal,Instagram,2024-05-07,2024-07-05,17,9.0,187,54,19,591.69,Yes,0.44,3.2,Yes
C0015,21,Male,Portugal,Instagram,2024-05-01,2024-06-22,31,8.5,174,51,27,1514.64,Yes,0.2,5.0,No
C0016,36,Female,Germany,Referral,2024-10-11,2025-04-08,50,6.5,226,52,16,939.97,Yes,0.38,3.1,Yes
C0017,28,Male,Italy,Organic Search,2024-02-11,2024-04-08,9,7.6,212,45,24,867.62,Yes,0.3,3.1,No
C0018,51,Female,Italy,Email Campaign,2024-04-14,2024-10-12,50,3.1,136,33,11,515.54,No,0.24,4.9,Yes
C0019,54,Male,Italy,Instagram,2024-10-02,2024-12-05,37,7.9,122,27,9,204.76,Yes,0.2,3.3,Yes
C0020,59,Male,Italy,Referral,2024-10-10,2025-01-04,47,4.5,79,30,7,172.32,Yes,0.38,3.3,No
C0021,31,Female,France,Organic Search,2024-09-07,2024-11-20,59,4.1,75,16,5,155.34,Yes,0.18,3.3,Yes
C0022,53,Female,Germany,Organic Search,2024-01-05,2024-02-12,9,5.2,378,142,79,3304.07,No,0.3,3.3,No
C0023,40,Male,Portugal,Referral,2024-05-07,2024-11-03,11,8.6,140,49,27,978.89,Yes,0.46,3.5,No
C0024,44,Male,Spain,Google Ads,2024-06-19,2024-10-12,56,4.4,243,90,47,1441.59,Yes,0.2,3.1,Yes
C0025,40,Female,Germany,Google Ads,2024-04-24,2024-05-10,47,8.9,128,35,10,227.77,No,0.19,4.0,Yes
C0026,19,Male,France,Email Campaign,2024-04-01,2024-09-06,21,9.3,70,15,5,245.71,No,0.23,5.0,No
C0027,34,Male,Spain,Referral,2024-08-11,2024-08-21,38,5.3,314,113,53,3053.36,Yes,0.19,3.1,Yes
C0028,60,Male,France,Referral,2024-06-02,2024-10-19,24,8.2,264,74,26,827.48,Yes,0.11,4.3,Yes
C0029,57,Female,Spain,TikTok,2024-10-07,2024-10-17,24,6.3,135,32,16,708.26,No,0.24,3.9,No
C0030,60,Male,Spain,Email Campaign,2024-09-20,2025-03-18,45,4.7,228,60,31,1551.41,No,0.13,3.4,No
C0031,57,Male,Germany,TikTok,2024-07-31,2025-01-18,41,8.4,128,43,15,539.79,Yes,0.33,3.0,Yes
C0032,45,Male,Portugal,Google Ads,2024-12-22,2025-05-13,34,7.2,62,19,10,248.54,Yes,0.4,4.3,Yes
C0033,57,Female,Germany,Organic Search,2024-08-16,2024-10-05,52,4.9,351,103,31,926.58,No,0.39,4.0,Yes
C0034,63,Female,Portugal,Google Ads,2024-05-19,2024-08-22,25,6.8,278,85,21,614.26,Yes,0.36,3.1,Yes
C0035,21,Male,Germany,TikTok,2024-07-18,2024-12-24,49,9.2,71,26,13,457.8,Yes,0.47,3.6,Yes
C0036,52,Male,Germany,TikTok,2024-04-22,2024-07-10,32,9.9,226,46,15,707.49,No,0.37,4.7,Yes
C0037,19,Female,Italy,Organic Search,2024-10-15,2025-04-12,6,5.4,74,24,6,230.81,Yes,0.14,3.7,Yes
C0038,35,Female,Germany,Email Campaign,2024-02-11,2024-06-20,6,9.6,313,96,57,1937.91,Yes,0.39,4.3,Yes
C0039,19,Male,Spain,Google Ads,2024-03-05,2024-07-14,47,3.8,86,26,7,335.85,No,0.1,4.2,Yes
C0040,37,Male,Spain,Organic Search,2024-01-14,2024-04-12,41,3.7,245,93,32,1845.08,Yes,0.06,4.4,Yes
C0041,61,Male,France,Organic Search,2024-01-22,2024-04-29,39,9.7,190,63,14,642.62,Yes,0.43,4.6,No
C0042,63,Male,Germany,TikTok,2024-03-31,2024-10-14,38,5.3,386,127,56,3179.94,No,0.24,4.7,Yes
C0043,23,Female,Spain,TikTok,2024-05-04,2024-09-09,41,5.4,226,75,25,994.31,No,0.11,3.4,Yes
C0044,62,Female,Italy,Organic Search,2024-01-06,2024-05-27,17,8.6,74,18,6,253.24,Yes,0.35,4.3,Yes
C0045,36,Male,Portugal,TikTok,2024-12-20,2025-03-02,24,6.2,219,69,26,1072.16,No,0.5,4.1,Yes
C0046,34,Male,France,Instagram,2024-04-08,2024-07-07,12,8.3,288,88,44,1205.86,Yes,0.37,3.6,Yes
C0047,36,Male,Italy,Google Ads,2024-05-31,2024-08-07,28,3.9,99,25,12,300.76,Yes,0.49,4.1,Yes
C0048,24,Male,Germany,Organic Search,2024-05-25,2024-10-02,35,7.0,210,56,32,963.17,No,0.07,3.1,Yes
C0049,27,Male,Portugal,Organic Search,2024-06-04,2024-07-05,20,5.1,80,24,8,350.76,Yes,0.39,3.8,Yes
C0050,45,Female,Italy,Organic Search,2024-11-13,2024-12-08,44,6.9,309,107,61,1727.0,Yes,0.15,3.2,No
C0051,18,Female,Spain,TikTok,2024-12-18,2025-05-29,35,8.5,136,28,8,250.47,No,0.05,3.5,No
C0052,60,Male,Italy,TikTok,2024-02-28,2024-07-26,19,7.0,225,51,15,385.34,Yes,0.1,3.6,Yes
C0053,46,Male,France,TikTok,2024-12-18,2025-03-15,49,7.2,183,71,28,1113.05,Yes,0.31,4.8,Yes
C0054,23,Male,Portugal,Referral,2024-10-21,2025-03-30,6,4.3,245,81,24,518.62,Yes,0.25,4.3,Yes
C0055,45,Female,Italy,Instagram,2024-08-28,2024-12-05,31,8.7,141,37,8,211.46,No,0.35,3.6,Yes
C0056,20,Female,Italy,Instagram,2024-06-10,2024-08-23,25,4.3,82,32,11,446.42,Yes,0.34,4.1,Yes
C0057,57,Female,France,Referral,2024-08-14,2024-09-06,18,4.7,141,43,24,900.59,No,0.08,4.9,Yes
C0058,37,Male,Spain,Organic Search,2024-07-27,2024-08-29,19,4.9,291,111,42,1037.34,Yes,0.26,4.4,Yes
C0059,48,Male,Germany,TikTok,2024-10-09,2024-11-25,29,9.5,127,48,19,1048.29,Yes,0.15,4.6,Yes
C0060,35,Male,Italy,Email Campaign,2024-06-01,2024-11-08,42,9.5,228,67,17,706.23,No,0.18,4.5,Yes
C0061,62,Male,Spain,Organic Search,2024-07-15,2024-09-22,59,9.9,272,76,24,934.06,No,0.21,4.3,Yes
C0062,20,Male,Germany,Organic Search,2024-10-29,2025-01-31,60,9.8,97,36,13,533.49,No,0.03,3.3,Yes
C0063,48,Female,Portugal,Email Campaign,2024-11-15,2025-05-21,30,6.4,216,46,15,704.61,No,0.48,4.3,Yes
C0064,20,Male,Italy,Google Ads,2024-11-19,2025-05-23,23,3.3,113,39,14,335.13,Yes,0.23,4.4,Yes
C0065,36,Female,Portugal,Email Campaign,2024-08-08,2024-09-24,20,4.7,185,52,24,652.85,Yes,0.06,4.7,Yes
C0066,27,Male,Italy,TikTok,2024-11-22,2025-02-05,34,5.4,120,40,22,849.42,No,0.35,3.3,Yes
C0067,37,Female,Italy,Referral,2024-05-08,2024-09-11,59,7.9,133,31,10,393.28,Yes,0.2,3.7,No
C0068,60,Female,Portugal,Email Campaign,2024-01-05,2024-06-07,60,4.6,225,80,47,2651.96,No,0.42,4.8,Yes
C0069,32,Male,France,Organic Search,2024-05-08,2024-11-07,53,6.1,280,98,46,1171.67,Yes,0.45,4.3,No
C0070,41,Male,Italy,Instagram,2024-05-31,2024-09-01,52,4.8,163,38,9,374.19,No,0.27,4.8,Yes
C0071,36,Female,Germany,Instagram,2024-08-27,2024-09-25,14,8.5,315,123,66,3231.93,No,0.48,4.6,Yes
C0072,34,Male,Portugal,TikTok,2024-07-07,2025-01-05,52,9.2,222,56,19,865.3,No,0.07,3.5,No
C0073,38,Male,Italy,Referral,2024-02-02,2024-07-23,57,3.8,176,67,21,762.97,Yes,0.04,3.1,Yes
C0074,52,Male,Spain,TikTok,2024-08-20,2024-12-02,47,7.3,322,112,64,2352.96,Yes,0.44,4.3,Yes
C0075,20,Female,France,Google Ads,2024-08-15,2024-12-16,20,9.6,321,87,51,1769.36,No,0.05,3.6,Yes
C0076,23,Male,Germany,Referral,2024-11-23,2025-05-04,6,4.5,80,28,8,200.3,Yes,0.05,4.5,No
C0077,39,Male,Spain,Organic Search,2024-01-02,2024-03-22,59,8.5,95,37,15,779.11,Yes,0.34,3.1,No
C0078,55,Female,Spain,Instagram,2024-03-30,2024-06-15,8,6.2,90,31,12,597.92,No,0.24,3.7,Yes
C0079,57,Male,Spain,Referral,2024-12-03,2025-04-25,24,6.1,183,60,12,719.32,No,0.22,3.2,Yes
C0080,38,Male,Portugal,Instagram,2024-03-05,2024-05-24,44,7.9,212,67,32,1127.56,No,0.24,4.2,No
C0081,64,Male,Italy,TikTok,2024-08-19,2024-10-26,31,4.1,142,51,18,885.32,No,0.22,4.3,Yes
C0082,22,Male,Germany,Instagram,2024-02-17,2024-06-16,11,9.6,312,108,56,2366.27,No,0.34,3.8,Yes
C0083,64,Male,Germany,Email Campaign,2024-11-03,2025-01-31,27,3.8,98,30,8,370.16,Yes,0.43,3.7,Yes
C0084,54,Male,France,TikTok,2024-10-14,2025-04-01,44,9.5,266,87,18,1028.94,No,0.03,3.5,Yes
C0085,18,Male,France,Google Ads,2024-10-16,2025-04-12,30,5.2,80,18,8,169.81,Yes,0.2,3.9,No
C0086,54,Male,France,Instagram,2024-03-20,2024-05-09,53,8.3,249,52,12,452.69,No,0.25,3.9,No
C0087,40,Female,Portugal,Instagram,2024-05-25,2024-11-24,48,9.6,201,59,27,589.05,No,0.49,3.1,No
C0088,34,Female,Spain,Email Campaign,2024-03-02,2024-03-13,36,3.5,265,75,18,743.46,Yes,0.26,4.7,Yes
C0089,45,Male,Portugal,TikTok,2024-02-09,2024-05-09,41,9.6,159,50,24,880.99,Yes,0.21,4.9,No
C0090,62,Female,Germany,Instagram,2024-08-11,2024-09-17,20,3.5,209,66,27,967.43,No,0.38,3.4,Yes
C0091,51,Male,Portugal,Email Campaign,2024-06-28,2025-01-10,57,3.5,215,78,22,568.87,Yes,0.1,3.3,Yes
C0092,47,Female,Germany,Referral,2024-10-16,2025-04-08,45,4.9,271,71,41,1338.47,No,0.05,3.9,No
C0093,40,Male,Portugal,Email Campaign,2024-08-24,2024-12-27,7,6.9,64,17,5,228.93,Yes,0.32,4.0,Yes
C0094,46,Male,Portugal,Email Campaign,2024-11-05,2025-03-16,37,3.3,88,34,12,629.26,No,0.49,3.2,Yes
C0095,46,Male,Germany,Email Campaign,2024-07-09,2024-09-29,29,5.0,200,70,33,729.12,No,0.05,3.2,Yes
C0096,27,Female,Italy,Instagram,2024-10-25,2025-04-22,14,6.9,298,80,46,2205.2,No,0.08,4.4,No
C0097,26,Male,France,Referral,2024-12-09,2025-04-06,37,4.0,170,34,11,638.51,No,0.47,4.0,No
C0098,36,Male,Portugal,Organic Search,2024-10-03,2025-04-20,38,7.4,59,19,10,447.21,No,0.09,3.4,Yes
C0099,64,Female,Spain,Instagram,2024-07-29,2024-11-09,48,8.5,257,63,23,722.13,No,0.13,3.5,Yes
C0100,41,Female,Spain,TikTok,2024-05-24,2024-09-08,37,5.6,203,57,15,419.82,Yes,0.44,3.1,Yes
C0101,63,Male,Portugal,Email Campaign,2024-02-12,2024-04-03,22,5.9,165,62,16,599.98,Yes,0.41,4.8,Yes
C0102,50,Female,Germany,Google Ads,2024-07-16,2024-08-15,28,8.8,139,28,16,857.07,No,0.4,3.3,No
C0103,63,Female,Spain,TikTok,2024-11-11,2024-11-22,10,3.3,59,14,7,293.67,No,0.07,3.6,No
C0104,58,Female,Germany,Instagram,2024-02-26,2024-07-12,43,7.0,243,49,19,563.87,Yes,0.16,3.0,Yes
C0105,60,Male,Spain,Organic Search,2024-07-03,2024-07-30,38,5.6,207,62,36,1517.98,No,0.44,3.1,Yes
C0106,40,Male,Portugal,Email Campaign,2024-05-03,2024-11-16,47,4.2,210,46,19,955.08,Yes,0.04,4.1,Yes
C0107,62,Female,Germany,Referral,2024-04-03,2024-05-17,9,5.2,302,107,40,1269.51,Yes,0.4,4.8,No
C0108,52,Female,Germany,Email Campaign,2024-01-19,2024-07-12,17,5.8,159,43,22,1201.9,No,0.15,4.6,Yes
C0109,42,Female,Germany,Google Ads,2024-09-11,2025-03-17,36,6.8,187,71,28,1457.29,No,0.06,4.2,Yes
C0110,24,Male,France,Email Campaign,2024-12-04,2025-02-27,24,7.3,196,62,22,1046.99,No,0.23,4.5,Yes
C0111,35,Male,Germany,Instagram,2024-12-09,2025-05-31,30,3.2,185,55,27,712.79,Yes,0.09,4.2,Yes
C0112,33,Female,Portugal,Email Campaign,2024-07-15,2024-12-17,7,5.8,204,47,17,592.26,No,0.39,4.1,Yes
C0113,33,Male,France,Instagram,2024-04-05,2024-08-20,38,10.0,178,68,16,815.98,No,0.12,4.2,Yes
C0114,25,Male,Spain,Instagram,2024-08-19,2024-10-12,50,5.0,179,71,37,2171.99,No,0.34,4.4,Yes
C0115,28,Male,France,Email Campaign,2024-09-17,2024-11-23,12,6.9,121,43,12,477.13,No,0.29,3.7,Yes
C0116,23,Male,Italy,Email Campaign,2024-07-22,2025-01-31,51,6.3,180,54,27,1429.21,Yes,0.08,3.6,No
C0117,40,Male,Italy,Organic Search,2024-11-23,2025-05-02,16,4.1,258,101,37,2087.85,Yes,0.42,4.0,No
C0118,40,Female,Spain,Instagram,2024-05-08,2024-07-07,45,4.1,323,100,25,802.82,Yes,0.26,3.3,Yes
C0119,64,Female,Italy,Organic Search,2024-01-22,2024-02-08,10,6.5,64,24,12,367.03,Yes,0.39,3.8,Yes
C0120,36,Female,Italy,TikTok,2024-05-05,2024-11-06,30,5.2,132,38,18,473.82,No,0.25,3.4,Yes
C0121,64,Female,France,TikTok,2024-03-07,2024-06-19,37,5.7,231,51,15,373.51,No,0.14,3.2,No
C0122,44,Male,Italy,Google Ads,2024-06-16,2024-11-20,51,9.6,136,32,8,478.71,No,0.26,3.6,No
C0123,47,Male,Italy,Google Ads,2024-10-25,2025-02-02,8,3.9,65,16,7,376.0,No,0.16,3.0,No
C0124,64,Female,France,TikTok,2024-07-06,2024-07-27,30,8.8,75,23,6,252.77,Yes,0.21,3.9,Yes
C0125,61,Male,Italy,Google Ads,2024-02-19,2024-06-08,28,3.3,265,105,44,1523.47,Yes,0.12,4.0,Yes
C0126,63,Female,Spain,TikTok,2024-09-22,2025-01-26,14,5.1,225,85,21,1202.35,No,0.1,5.0,Yes
C0127,50,Female,France,Referral,2024-10-15,2025-01-09,35,7.8,309,62,20,487.68,No,0.3,4.6,Yes
C0128,56,Female,Portugal,Email Campaign,2024-12-01,2025-05-08,41,9.6,108,37,16,429.13,No,0.09,4.4,No
C0129,30,Male,Portugal,TikTok,2024-06-09,2024-10-04,14,4.0,155,52,18,917.98,No,0.44,4.5,No
C0130,53,Female,Spain,Referral,2024-09-01,2025-01-23,29,8.6,143,55,21,867.83,No,0.34,4.7,Yes
C0131,57,Female,France,Google Ads,2024-05-06,2024-07-26,40,6.4,151,36,21,670.0,No,0.36,4.4,Yes
C0132,64,Female,Italy,Email Campaign,2024-03-03,2024-08-06,48,5.4,198,54,31,1634.79,Yes,0.16,3.6,Yes
C0133,59,Female,Germany,Referral,2024-09-02,2024-11-05,17,3.4,339,104,59,2822.96,Yes,0.07,4.5,No
C0134,32,Male,Italy,Instagram,2024-02-21,2024-06-15,26,6.3,244,71,33,841.46,Yes,0.22,4.9,Yes
C0135,36,Female,Spain,Email Campaign,2024-11-26,2024-12-21,54,4.2,79,26,7,346.83,Yes,0.46,3.4,Yes
C0136,43,Female,Portugal,Google Ads,2024-05-28,2024-06-16,5,9.2,126,39,9,533.88,No,0.24,4.3,Yes
C0137,50,Female,Spain,Email Campaign,2024-04-08,2024-05-16,26,8.3,100,34,15,731.16,Yes,0.37,4.6,Yes
C0138,57,Female,Spain,TikTok,2024-09-20,2024-12-22,10,6.1,167,55,15,384.37,No,0.47,3.0,Yes
C0139,39,Female,France,Organic Search,2024-10-20,2024-11-01,21,9.3,260,70,20,934.23,No,0.17,3.8,Yes
C0140,62,Male,France,Referral,2024-05-31,2024-09-12,44,6.8,127,30,7,182.89,No,0.22,4.1,Yes
C0141,33,Male,Spain,Organic Search,2024-08-16,2025-01-08,50,6.6,156,33,14,314.58,Yes,0.29,3.3,No
C0142,61,Male,Portugal,Referral,2024-10-25,2025-03-09,10,8.6,280,84,43,1639.9,No,0.24,3.1,Yes
C0143,43,Female,Portugal,Instagram,2024-04-21,2024-09-26,9,3.2,61,17,8,333.17,Yes,0.47,3.1,Yes
C0144,29,Male,Germany,Referral,2024-11-26,2025-03-23,28,3.9,361,99,54,3038.62,No,0.06,4.9,Yes
C0145,25,Male,France,Organic Search,2024-07-20,2024-12-12,13,5.7,283,111,59,2964.58,No,0.24,4.4,Yes
C0146,33,Female,Spain,Email Campaign,2024-03-20,2024-06-08,17,4.7,317,118,59,1256.03,No,0.32,4.9,Yes
C0147,24,Male,Portugal,TikTok,2024-11-02,2025-05-03,50,4.0,273,57,28,1010.54,Yes,0.28,4.5,Yes
C0148,32,Female,France,Organic Search,2024-11-02,2025-05-03,57,7.1,158,39,21,1247.98,Yes,0.22,3.6,Yes
C0149,58,Female,Spain,Organic Search,2024-09-10,2024-10-02,27,6.8,320,105,37,1516.21,No,0.22,3.6,No
C0150,32,Female,Spain,Referral,2024-03-14,2024-07-20,8,9.5,212,59,21,865.19,No,0.14,3.4,Yes
C0151,23,Male,France,Instagram,2024-05-17,2024-08-31,48,9.7,244,78,42,1156.11,Yes,0.25,4.7,No
C0152,31,Male,Portugal,Referral,2024-03-01,2024-07-11,20,5.5,228,73,20,1132.1,No,0.39,3.8,Yes
C0153,41,Female,France,TikTok,2024-02-20,2024-09-01,35,3.1,292,107,60,2089.69,No,0.04,4.7,Yes
C0154,55,Female,Italy,Email Campaign,2024-03-19,2024-05-18,26,7.5,113,31,16,639.55,No,0.14,4.6,Yes
C0155,47,Male,Germany,Referral,2024-06-29,2024-08-21,13,8.7,304,94,25,1389.36,Yes,0.27,4.7,No
C0156,18,Female,Portugal,Google Ads,2024-11-18,2025-01-26,9,6.4,231,53,15,573.61,Yes,0.32,4.3,Yes
C0157,19,Male,Germany,Organic Search,2024-10-09,2025-02-01,5,9.6,70,21,6,354.6,Yes,0.26,4.4,Yes
C0158,24,Male,Spain,Organic Search,2024-03-17,2024-05-27,17,4.7,228,69,36,1104.95,No,0.06,4.9,Yes
C0159,37,Male,Spain,Referral,2024-11-28,2024-12-16,10,7.5,168,46,19,422.65,Yes,0.36,3.2,Yes
C0160,54,Male,France,Organic Search,2024-01-22,2024-03-30,18,6.8,336,125,69,2692.38,Yes,0.46,4.4,No
C0161,29,Female,Portugal,Instagram,2024-04-16,2024-09-23,14,5.7,242,88,46,2629.13,No,0.1,3.5,Yes
C0162,39,Female,Italy,Referral,2024-03-12,2024-09-14,51,7.3,73,21,12,265.77,No,0.13,3.2,Yes
C0163,43,Female,Italy,Instagram,2024-11-20,2025-02-07,55,8.4,173,51,17,979.98,No,0.11,4.2,Yes
C0164,33,Male,France,Instagram,2024-05-17,2024-07-05,29,5.5,278,99,25,889.62,No,0.07,3.0,No
C0165,24,Male,France,Instagram,2024-04-05,2024-08-03,33,9.0,230,71,25,526.26,No,0.29,4.2,Yes
C0166,36,Female,Portugal,TikTok,2024-02-13,2024-08-26,40,4.0,281,111,32,1307.01,No,0.1,3.5,No
C0167,45,Female,Spain,TikTok,2024-06-02,2024-10-13,55,5.1,75,20,11,537.2,No,0.31,3.4,No
C0168,39,Female,Germany,Email Campaign,2024-08-13,2024-11-16,32,5.2,335,122,56,2451.44,No,0.17,4.9,No
C0169,38,Female,Germany,Referral,2024-12-21,2025-06-11,36,10.0,386,121,35,1226.48,No,0.2,4.9,No
C0170,61,Male,Spain,Referral,2024-08-24,2025-03-03,18,4.8,178,63,33,751.29,No,0.34,3.3,No
C0171,63,Female,Spain,TikTok,2024-02-07,2024-06-10,43,9.3,189,59,24,1366.56,No,0.28,4.6,Yes
C0172,56,Male,Italy,Instagram,2024-05-07,2024-11-01,47,3.7,147,34,15,637.93,No,0.48,3.7,Yes
C0173,34,Male,Portugal,Organic Search,2024-09-22,2025-02-21,42,5.9,226,71,26,926.78,Yes,0.19,3.0,No
C0174,25,Male,Portugal,Email Campaign,2024-06-08,2024-09-13,34,3.3,250,60,23,898.07,No,0.37,3.9,No
C0175,19,Female,Portugal,Referral,2024-02-25,2024-08-26,56,8.6,92,35,17,690.88,Yes,0.18,3.9,Yes
C0176,29,Female,Spain,TikTok,2024-01-15,2024-07-31,44,3.4,303,72,31,1102.16,Yes,0.12,4.5,Yes
C0177,52,Male,Portugal,Email Campaign,2024-06-15,2024-08-14,34,5.4,79,19,10,411.09,No,0.31,4.2,Yes
C0178,57,Male,Germany,Referral,2024-12-27,2025-03-23,44,5.7,261,56,14,346.0,No,0.08,3.7,No
C0179,26,Female,Italy,TikTok,2024-04-05,2024-08-17,45,6.2,196,66,30,1799.88,Yes,0.26,3.3,No
C0180,40,Male,Portugal,TikTok,2024-03-10,2024-05-08,57,3.6,148,58,23,915.37,No,0.22,4.7,Yes
C0181,32,Female,Portugal,Instagram,2024-05-20,2024-07-26,39,8.4,123,28,10,497.01,No,0.28,3.2,No
C0182,52,Male,France,Referral,2024-08-13,2025-01-09,18,9.0,189,41,21,1051.13,No,0.44,3.1,No
C0183,46,Male,Portugal,Google Ads,2024-04-17,2024-11-01,42,8.6,226,61,29,1314.01,Yes,0.32,4.6,Yes
C0184,40,Female,Italy,Organic Search,2024-10-02,2024-11-24,25,3.4,315,107,33,1012.89,Yes,0.09,4.5,Yes
C0185,59,Male,France,Referral,2024-03-08,2024-05-20,14,5.9,278,73,21,1128.59,No,0.25,4.2,No
C0186,22,Male,Germany,TikTok,2024-09-20,2024-12-10,49,9.8,375,140,53,2094.65,Yes,0.44,4.7,No
C0187,22,Female,France,Google Ads,2024-08-07,2024-10-10,36,7.8,141,37,11,460.82,Yes,0.29,4.0,No
C0188,20,Male,Portugal,Referral,2024-08-23,2024-09-06,12,7.5,287,106,39,781.05,No,0.12,4.4,No
C0189,35,Male,Spain,Referral,2024-07-03,2024-09-15,10,3.6,159,52,23,507.64,No,0.37,4.5,Yes
C0190,18,Male,Portugal,TikTok,2024-02-09,2024-03-23,42,3.9,107,32,12,243.87,No,0.41,5.0,Yes
C0191,32,Female,Portugal,Instagram,2024-02-22,2024-03-29,25,6.9,144,54,13,662.2,Yes,0.33,4.4,No
C0192,59,Male,Italy,TikTok,2024-06-28,2025-01-08,18,8.3,220,76,43,1919.65,No,0.43,3.2,No
C0193,64,Female,Italy,Email Campaign,2024-08-07,2024-11-05,55,7.6,89,22,10,299.27,No,0.39,4.4,Yes
C0194,31,Male,France,Referral,2024-07-19,2024-10-12,46,6.7,75,26,13,384.46,No,0.07,4.0,Yes
C0195,41,Female,Portugal,Google Ads,2024-07-17,2024-12-19,31,3.3,143,44,11,427.25,Yes,0.03,3.1,No
C0196,43,Female,Portugal,Referral,2024-12-30,2025-05-17,54,4.4,156,44,15,684.32,Yes,0.15,3.6,Yes
C0197,52,Female,Spain,TikTok,2024-10-27,2025-04-17,53,3.6,289,95,43,1393.49,No,0.37,4.7,No
C0198,25,Female,Germany,Organic Search,2024-11-07,2024-12-01,24,6.7,286,99,49,1214.11,Yes,0.36,3.3,Yes
C0199,28,Female,France,Google Ads,2024-05-17,2024-11-30,12,6.5,296,112,37,1375.4,Yes,0.15,5.0,Yes
C0200,41,Male,Italy,TikTok,2024-10-17,2024-12-08,28,9.0,94,23,5,214.78,Yes,0.13,4.0,No
C0201,20,Female,Spain,Email Campaign,2024-07-15,2024-09-01,16,5.2,316,123,26,1355.24,No,0.13,3.5,Yes
C0202,54,Female,Portugal,Instagram,2024-09-14,2025-03-15,8,8.9,95,23,9,196.53,No,0.05,3.9,No
C0203,23,Female,France,Instagram,2024-07-07,2024-09-06,23,4.4,232,82,40,1188.13,No,0.3,4.0,Yes
C0204,33,Male,Italy,Instagram,2024-07-28,2024-08-13,19,8.1,197,53,28,1542.46,No,0.02,4.3,Yes
C0205,31,Male,Portugal,TikTok,2024-09-08,2024-10-03,14,3.6,232,59,12,351.11,No,0.36,3.7,Yes
C0206,50,Male,Portugal,Referral,2024-07-20,2024-08-18,42,7.9,195,41,19,479.34,No,0.15,3.6,Yes
C0207,38,Female,France,Email Campaign,2024-04-29,2024-05-28,17,5.5,100,35,15,393.25,Yes,0.24,3.6,No
C0208,46,Female,Spain,TikTok,2024-05-15,2024-06-24,10,8.0,99,35,11,530.07,Yes,0.12,4.7,No
C0209,43,Male,France,Referral,2024-06-02,2024-08-17,57,3.9,112,23,8,304.7,Yes,0.07,3.2,Yes
C0210,32,Male,Portugal,Google Ads,2024-07-24,2024-11-06,48,6.1,211,81,18,782.01,Yes,0.03,3.1,Yes
C0211,23,Female,Spain,Instagram,2024-01-22,2024-05-29,8,4.5,102,39,14,685.68,No,0.03,4.4,No
C0212,35,Female,Spain,TikTok,2024-03-17,2024-04-04,44,4.4,228,73,33,1318.54,No,0.05,3.6,No
C0213,33,Male,Italy,TikTok,2024-12-31,2025-04-11,35,4.5,198,70,23,980.4,No,0.21,3.4,No
C0214,21,Female,France,Organic Search,2024-07-02,2024-12-08,19,9.9,358,83,24,711.51,Yes,0.39,4.9,Yes
C0215,40,Male,Germany,Google Ads,2024-05-01,2024-10-09,25,4.3,332,115,39,1702.84,No,0.47,4.1,Yes
C0216,52,Female,Germany,Google Ads,2024-09-08,2024-09-27,10,5.4,83,20,5,205.29,Yes,0.18,4.2,Yes
C0217,38,Male,Spain,Instagram,2024-03-16,2024-08-23,50,5.8,312,71,17,697.88,No,0.48,3.7,Yes
C0218,39,Female,Portugal,Email Campaign,2024-03-10,2024-04-29,51,9.5,292,83,37,1461.06,No,0.1,4.9,Yes
C0219,32,Male,France,TikTok,2024-06-06,2024-12-20,49,4.3,150,33,16,927.22,No,0.43,4.5,Yes
C0220,57,Male,France,Referral,2024-10-16,2024-11-21,36,8.0,103,27,6,203.23,No,0.1,4.8,No
C0221,46,Male,France,Email Campaign,2024-04-17,2024-06-29,49,9.2,80,21,10,488.17,Yes,0.21,4.5,Yes
C0222,42,Female,Germany,Organic Search,2024-07-11,2024-08-15,58,5.1,223,79,34,1711.21,Yes,0.1,3.1,Yes
C0223,34,Male,France,Instagram,2024-06-24,2024-08-16,29,7.9,109,37,15,838.87,Yes,0.18,5.0,Yes
C0224,59,Male,Germany,Organic Search,2024-08-10,2024-09-29,8,5.8,97,25,14,509.2,No,0.34,3.6,No
C0225,49,Male,Italy,Instagram,2024-07-03,2024-07-13,32,9.8,75,19,8,352.07,Yes,0.07,3.4,Yes
C0226,25,Female,Germany,TikTok,2024-08-29,2025-01-11,47,6.3,152,33,13,356.14,No,0.2,3.9,No
C0227,35,Male,Spain,Google Ads,2024-12-22,2025-06-20,11,5.9,78,26,13,475.27,Yes,0.29,4.7,Yes
C0228,61,Female,Italy,Organic Search,2024-04-30,2024-09-08,24,9.9,73,20,10,213.89,Yes,0.08,4.5,No
C0229,30,Male,Spain,Instagram,2024-08-04,2024-09-03,48,3.6,177,42,22,570.13,No,0.17,4.5,Yes
C0230,43,Female,Italy,Email Campaign,2024-09-23,2025-01-28,60,7.1,55,19,8,327.22,No,0.07,3.3,Yes
C0231,24,Male,Portugal,Email Campaign,2024-10-01,2025-01-07,31,7.8,117,32,12,532.3,Yes,0.1,3.8,Yes
C0232,20,Female,Germany,Email Campaign,2024-12-19,2025-02-27,8,6.4,312,92,28,977.13,No,0.41,3.6,No
C0233,32,Male,Portugal,Email Campaign,2024-08-14,2024-11-14,22,6.6,236,66,30,825.52,Yes,0.46,3.8,Yes
C0234,21,Male,France,Instagram,2024-06-08,2024-12-16,37,3.4,183,41,22,1213.81,Yes,0.1,4.8,No
C0235,47,Male,Portugal,Email Campaign,2024-12-26,2025-02-24,22,6.1,144,52,20,908.33,Yes,0.35,3.5,Yes
C0236,55,Female,Germany,Email Campaign,2024-03-24,2024-06-08,52,4.5,340,114,35,1241.19,Yes,0.43,4.6,No
C0237,61,Male,Spain,Email Campaign,2024-11-29,2025-03-23,37,3.1,60,22,12,567.46,No,0.46,4.3,Yes
C0238,56,Female,France,Referral,2024-12-29,2025-06-21,22,5.8,189,71,38,1457.68,Yes,0.24,4.4,Yes
C0239,18,Female,Portugal,Organic Search,2024-11-27,2025-05-08,43,8.0,122,31,7,157.87,No,0.33,4.7,No
C0240,30,Male,France,Organic Search,2024-05-03,2024-05-27,56,4.8,322,116,51,2367.48,Yes,0.37,4.3,Yes
C0241,43,Female,Germany,Referral,2024-01-19,2024-06-26,50,8.9,254,92,31,1504.58,No,0.46,4.3,Yes
C0242,29,Female,Italy,Instagram,2024-08-29,2024-10-10,52,9.1,121,41,17,960.58,No,0.33,3.4,No
C0243,39,Female,Germany,Email Campaign,2024-10-26,2025-01-19,34,7.8,347,77,17,771.39,Yes,0.25,3.4,No
C0244,37,Female,Italy,Instagram,2024-03-18,2024-05-02,17,3.6,143,40,17,956.5,No,0.09,4.7,No
C0245,58,Male,France,Email Campaign,2024-11-20,2024-12-14,5,7.3,198,50,25,668.61,Yes,0.25,4.5,No
C0246,43,Female,Germany,TikTok,2024-07-15,2024-07-26,7,3.0,241,57,19,390.7,No,0.38,4.1,No
C0247,32,Female,Spain,Email Campaign,2024-03-07,2024-04-12,29,6.7,195,61,16,847.26,No,0.48,3.9,Yes
C0248,61,Male,Germany,Email Campaign,2024-09-07,2024-12-17,53,8.1,127,29,16,839.69,Yes,0.13,4.5,No
C0249,50,Male,Italy,Instagram,2024-07-06,2025-01-14,46,8.9,264,54,29,876.72,Yes,0.31,3.1,No
C0250,62,Male,Portugal,TikTok,2024-08-15,2024-11-30,12,4.9,190,47,22,620.84,Yes,0.16,4.3,Yes
C0251,62,Male,Italy,TikTok,2024-02-23,2024-07-12,51,9.8,218,48,11,266.76,Yes,0.31,4.6,Yes
C0252,63,Female,France,Email Campaign,2024-03-23,2024-04-12,40,8.8,212,80,38,1490.61,Yes,0.02,4.3,Yes
C0253,27,Male,Germany,Organic Search,2024-02-08,2024-08-21,51,9.1,97,36,16,612.32,No,0.15,3.1,Yes
C0254,41,Female,France,TikTok,2024-02-29,2024-04-03,59,4.9,292,110,22,561.79,Yes,0.18,4.8,Yes
C0255,41,Female,Portugal,Google Ads,2024-02-28,2024-06-19,30,3.8,296,86,45,2141.82,No,0.4,4.3,Yes
C0256,28,Male,Portugal,TikTok,2024-10-29,2025-03-11,56,8.1,195,65,17,598.23,No,0.31,4.7,Yes
C0257,48,Female,Spain,Instagram,2024-07-29,2024-11-28,7,6.7,72,18,5,240.91,Yes,0.49,4.3,No
C0258,24,Female,Italy,Referral,2024-05-07,2024-09-17,27,6.3,229,76,26,1392.59,Yes,0.03,4.9,Yes
C0259,28,Male,Germany,TikTok,2024-06-13,2024-08-23,26,8.6,387,98,39,1638.77,No,0.21,3.5,Yes
C0260,23,Female,Germany,TikTok,2024-06-10,2024-07-20,36,7.5,312,103,24,875.85,Yes,0.42,4.6,Yes
C0261,53,Male,Italy,Referral,2024-12-09,2025-04-14,26,7.6,150,54,28,1505.64,No,0.29,4.2,Yes
C0262,25,Male,Germany,Referral,2024-04-23,2024-05-03,26,4.0,182,66,38,1203.82,No,0.36,3.1,No
C0263,24,Female,Germany,Organic Search,2024-04-10,2024-06-07,12,9.5,374,138,39,2066.3,Yes,0.36,3.2,Yes
C0264,25,Female,Italy,TikTok,2024-12-03,2025-05-12,37,9.4,88,34,6,296.69,No,0.42,4.0,Yes
C0265,62,Male,Spain,Referral,2024-03-06,2024-04-11,29,4.7,239,76,42,1686.91,No,0.22,4.2,Yes
C0266,39,Female,Germany,TikTok,2024-03-09,2024-04-23,31,4.4,265,90,44,1406.09,No,0.36,4.9,Yes
C0267,63,Female,Italy,Referral,2024-06-25,2024-12-24,13,7.1,242,79,46,1847.16,No,0.36,4.5,Yes
C0268,61,Female,Germany,TikTok,2024-01-07,2024-05-29,11,4.8,72,19,4,89.06,No,0.38,3.3,No
C0269,62,Female,Portugal,Google Ads,2024-10-04,2024-10-22,27,8.5,258,74,33,1551.69,Yes,0.38,4.1,No
C0270,62,Male,France,TikTok,2024-07-17,2024-11-10,55,6.1,358,120,70,1550.65,No,0.12,4.7,Yes
C0271,58,Female,Spain,Organic Search,2024-10-06,2025-04-23,43,8.1,110,39,22,698.88,Yes,0.49,3.1,Yes
C0272,42,Male,Portugal,TikTok,2024-05-22,2024-10-21,21,5.3,83,19,10,202.26,No,0.36,3.3,No
C0273,58,Female,Portugal,TikTok,2024-10-20,2025-03-19,27,6.8,68,24,7,201.59,Yes,0.27,4.6,No
C0274,23,Female,Germany,Google Ads,2024-04-19,2024-10-15,26,3.1,174,47,13,651.38,No,0.5,4.6,Yes
C0275,46,Male,France,Referral,2024-11-10,2025-04-28,20,9.4,354,73,40,1410.2,Yes,0.21,4.1,No
C0276,50,Female,France,TikTok,2024-01-23,2024-04-17,46,4.5,118,31,7,166.87,Yes,0.32,3.4,Yes
C0277,24,Male,Germany,Organic Search,2024-12-25,2025-07-12,54,3.5,209,68,39,1945.15,Yes,0.03,4.4,No
C0278,34,Male,Spain,Organic Search,2024-04-26,2024-07-11,31,7.3,163,47,17,555.15,No,0.34,4.1,Yes
C0279,20,Male,Italy,Email Campaign,2024-09-14,2024-10-21,23,4.1,263,88,38,1187.91,No,0.2,4.6,No
C0280,26,Female,Spain,Organic Search,2024-05-31,2024-11-19,14,4.0,138,46,26,1346.82,No,0.48,3.0,Yes
C0281,18,Female,Portugal,Organic Search,2024-10-07,2024-11-07,24,4.3,103,36,20,675.08,No,0.45,4.7,No
C0282,34,Male,Italy,Instagram,2024-04-02,2024-09-30,56,4.8,204,75,40,2291.79,No,0.33,3.1,Yes
C0283,64,Female,Spain,Email Campaign,2024-07-01,2024-08-12,47,5.1,238,58,18,410.26,Yes,0.17,3.9,Yes
C0284,27,Female,Italy,Email Campaign,2024-08-07,2024-09-29,5,5.3,136,33,9,446.33,No,0.15,3.7,Yes
C0285,47,Female,Germany,Email Campaign,2024-06-05,2024-10-17,40,7.4,100,23,10,536.72,Yes,0.45,3.4,Yes
C0286,19,Male,Portugal,Organic Search,2024-10-23,2025-02-13,54,9.2,201,48,10,304.25,No,0.33,3.3,Yes
C0287,64,Female,Italy,Google Ads,2024-08-25,2025-01-10,37,7.0,76,21,8,372.06,Yes,0.38,3.3,No
C0288,60,Male,Italy,Referral,2024-09-04,2024-12-14,7,5.5,111,39,11,336.32,Yes,0.04,3.4,Yes
C0289,47,Male,Germany,Instagram,2024-11-28,2025-02-28,11,5.6,299,117,53,1639.81,No,0.3,4.1,Yes
C0290,59,Male,Italy,Organic Search,2024-05-08,2024-08-22,19,6.1,191,53,27,912.63,No,0.45,3.0,Yes
C0291,22,Female,Spain,Google Ads,2024-03-17,2024-05-13,15,6.4,156,49,25,1161.11,No,0.41,4.4,Yes
C0292,55,Male,Spain,Referral,2024-07-29,2024-08-13,20,9.5,67,15,6,152.33,Yes,0.45,3.3,No
C0293,43,Male,Italy,Referral,2024-12-04,2025-02-24,10,7.1,110,31,18,984.46,Yes,0.13,3.8,No
C0294,57,Female,Spain,Google Ads,2024-12-17,2025-03-24,34,7.8,222,70,20,708.37,Yes,0.03,4.0,Yes
C0295,56,Male,Spain,Google Ads,2024-08-31,2025-02-14,43,8.8,64,24,9,450.86,Yes,0.25,3.3,Yes
C0296,51,Female,Germany,Email Campaign,2024-01-23,2024-07-29,38,8.9,206,50,26,1341.14,No,0.19,4.6,Yes
C0297,24,Female,Italy,Google Ads,2024-05-10,2024-09-19,54,3.0,114,43,10,439.32,No,0.14,3.0,Yes
C0298,25,Male,Italy,TikTok,2024-12-01,2025-02-01,49,7.3,267,70,24,628.59,No,0.15,4.1,Yes
C0299,31,Female,Germany,Organic Search,2024-10-12,2025-02-22,16,9.0,187,58,22,1309.89,No,0.39,3.8,No
C0300,65,Male,Portugal,TikTok,2024-12-24,2025-02-13,11,3.6,104,31,15,780.51,Yes,0.1,4.9,No
C0301,48,Female,Spain,Instagram,2024-02-02,2024-04-19,19,7.2,158,34,7,247.61,No,0.31,4.0,Yes
C0302,58,Female,Spain,TikTok,2024-01-06,2024-03-07,59,7.6,239,92,37,1028.22,Yes,0.32,4.3,Yes
C0303,23,Female,Spain,TikTok,2024-06-29,2024-12-27,30,6.9,168,53,21,1039.02,Yes,0.46,4.1,Yes
C0304,40,Female,Italy,Email Campaign,2024-04-25,2024-10-07,17,5.4,174,67,28,852.44,No,0.26,4.1,Yes
C0305,50,Female,Portugal,Organic Search,2024-10-21,2025-01-03,49,7.1,163,64,27,1371.56,No,0.48,3.9,Yes
C0306,48,Male,Portugal,Email Campaign,2024-02-04,2024-05-21,45,7.9,251,100,47,1372.27,No,0.22,3.7,Yes
C0307,33,Female,France,Instagram,2024-07-23,2025-01-21,52,9.6,312,83,35,949.88,No,0.19,4.8,No
C0308,49,Male,Spain,Google Ads,2024-05-03,2024-07-19,18,9.7,118,28,8,357.95,Yes,0.39,3.2,No
C0309,57,Male,Germany,Organic Search,2024-01-22,2024-06-03,28,5.0,270,71,39,2154.34,No,0.26,5.0,Yes
C0310,54,Male,Spain,Instagram,2024-09-26,2025-01-22,35,5.2,319,98,39,1394.2,Yes,0.24,3.2,Yes
C0311,18,Male,Portugal,TikTok,2024-10-24,2024-11-28,25,4.3,142,45,13,545.25,Yes,0.15,4.9,No
C0312,31,Female,Germany,Referral,2024-07-09,2024-10-20,59,6.9,197,50,13,328.19,Yes,0.41,4.4,Yes
C0313,30,Male,Germany,Referral,2024-03-17,2024-07-26,56,7.0,67,15,5,299.11,No,0.4,3.6,Yes
C0314,24,Male,Germany,Instagram,2024-04-20,2024-07-04,35,5.4,343,111,42,1402.22,No,0.19,4.1,Yes
C0315,25,Female,Germany,Referral,2024-11-06,2025-01-05,41,8.2,256,84,34,2011.95,No,0.19,4.3,Yes
C0316,42,Female,Portugal,TikTok,2024-11-19,2025-01-05,60,4.6,92,30,17,626.84,No,0.43,3.1,No
C0317,59,Female,France,Referral,2024-05-16,2024-10-27,46,4.2,181,46,17,926.71,No,0.38,4.0,Yes
C0318,26,Male,Portugal,Referral,2024-05-08,2024-11-24,49,8.4,241,52,13,313.56,Yes,0.47,3.9,No
C0319,23,Male,Italy,Email Campaign,2024-11-12,2024-12-31,10,4.2,227,87,30,875.23,No,0.23,3.3,Yes
C0320,60,Female,Portugal,Email Campaign,2024-08-31,2025-01-07,60,9.1,188,72,30,762.14,Yes,0.3,3.9,Yes
C0321,51,Female,Germany,Email Campaign,2024-09-03,2025-01-29,19,8.9,332,72,23,839.23,Yes,0.17,3.0,Yes
C0322,36,Female,France,Organic Search,2024-01-05,2024-07-09,36,4.3,350,122,39,1974.76,No,0.31,4.6,Yes
C0323,45,Female,Italy,Google Ads,2024-03-24,2024-10-03,52,7.3,225,62,21,640.9,No,0.32,4.0,Yes
C0324,36,Female,France,TikTok,2024-04-06,2024-05-03,16,4.1,100,25,11,491.8,No,0.36,4.0,No
C0325,19,Male,Italy,Instagram,2024-05-24,2024-08-10,13,8.6,244,70,14,330.51,Yes,0.26,3.7,No
C0326,47,Male,France,Email Campaign,2024-02-11,2024-03-29,8,3.1,141,50,11,426.86,Yes,0.45,3.5,Yes
C0327,42,Female,Spain,Google Ads,2024-01-18,2024-03-18,34,4.1,261,92,37,2193.53,No,0.21,4.9,Yes
C0328,65,Male,Portugal,Email Campaign,2024-09-03,2025-02-23,24,8.6,100,27,5,233.34,Yes,0.13,3.9,No
C0329,25,Female,Italy,Google Ads,2024-01-05,2024-01-25,42,5.4,262,88,41,1074.19,Yes,0.14,4.0,Yes
C0330,21,Female,Portugal,Referral,2024-03-19,2024-09-24,39,7.8,252,55,21,686.06,No,0.41,3.9,No
C0331,64,Male,France,Email Campaign,2024-01-21,2024-06-03,50,9.1,194,60,25,990.09,Yes,0.28,3.6,Yes
C0332,53,Male,Italy,Instagram,2024-09-28,2024-11-16,33,5.5,131,47,19,725.1,No,0.37,4.8,Yes
C0333,33,Female,Italy,Referral,2024-02-02,2024-07-29,39,3.8,271,75,30,1197.06,Yes,0.31,3.6,Yes
C0334,60,Male,Italy,Instagram,2024-03-07,2024-05-01,60,4.8,60,14,5,119.75,No,0.34,4.1,Yes
C0335,32,Male,France,Instagram,2024-04-16,2024-10-10,36,8.8,344,130,30,1561.22,Yes,0.19,4.5,Yes
C0336,57,Female,Portugal,Organic Search,2024-01-21,2024-08-05,9,4.4,263,68,39,2278.52,Yes,0.07,3.5,Yes
C0337,54,Male,Spain,Organic Search,2024-10-12,2025-02-05,52,5.8,84,29,12,563.76,No,0.44,3.3,No
C0338,60,Male,France,Organic Search,2024-11-03,2025-03-06,27,5.3,337,88,52,1715.28,No,0.22,4.3,Yes
C0339,54,Male,Spain,TikTok,2024-10-08,2025-04-26,21,10.0,156,61,23,825.32,Yes,0.49,4.2,Yes
C0340,18,Female,France,Google Ads,2024-04-19,2024-07-18,6,4.9,296,107,50,1551.91,Yes,0.07,3.9,No
C0341,33,Male,Italy,Email Campaign,2024-06-02,2024-07-05,41,7.8,159,49,14,323.23,No,0.4,3.3,Yes
C0342,24,Female,Italy,Instagram,2024-10-22,2025-02-06,10,4.6,261,55,27,915.76,No,0.22,4.7,Yes
C0343,18,Female,Italy,Instagram,2024-06-05,2024-10-27,7,9.8,137,42,10,400.96,Yes,0.09,4.3,Yes
C0344,54,Male,Italy,Google Ads,2024-08-09,2024-11-01,55,6.0,157,36,12,468.41,Yes,0.28,3.5,Yes
C0345,26,Female,Spain,Organic Search,2024-04-11,2024-08-23,30,7.8,237,74,31,1856.38,Yes,0.14,3.5,Yes
C0346,23,Male,Italy,Referral,2024-07-30,2024-11-25,28,8.6,145,34,11,508.38,No,0.1,3.7,Yes
C0347,27,Female,Italy,Instagram,2024-04-29,2024-06-29,48,8.8,152,35,17,398.35,Yes,0.14,4.2,No
C0348,18,Female,France,Referral,2024-02-26,2024-05-24,33,7.4,204,41,11,456.72,Yes,0.28,4.5,Yes
C0349,62,Male,Spain,TikTok,2024-10-25,2025-04-22,38,5.7,67,16,3,84.08,No,0.05,4.3,No
C0350,60,Female,France,Instagram,2024-01-10,2024-04-03,60,3.6,331,109,31,1092.07,Yes,0.45,4.0,Yes
C0351,50,Female,Spain,Organic Search,2024-12-30,2025-01-14,7,5.1,124,47,15,593.96,Yes,0.03,4.4,Yes
C0352,35,Male,Italy,Referral,2024-05-11,2024-08-28,57,5.7,59,22,12,348.28,No,0.45,4.3,No
C0353,58,Male,Italy,TikTok,2024-05-03,2024-10-06,14,8.6,166,65,36,1194.17,Yes,0.12,3.3,Yes
C0354,37,Male,Spain,TikTok,2024-03-15,2024-09-08,41,3.2,312,72,16,661.1,Yes,0.11,4.7,No
C0355,44,Female,France,Email Campaign,2024-08-14,2025-03-02,57,7.3,333,109,53,1382.15,Yes,0.07,3.4,Yes
C0356,56,Male,France,Organic Search,2024-04-28,2024-07-06,48,6.4,67,18,8,312.51,No,0.36,3.7,Yes
C0357,28,Male,Spain,Google Ads,2024-01-17,2024-05-10,53,9.9,327,66,20,730.44,Yes,0.38,3.1,Yes
C0358,49,Female,Italy,TikTok,2024-05-06,2024-09-02,30,6.8,260,54,26,915.59,No,0.21,4.9,Yes
C0359,51,Male,Portugal,TikTok,2024-08-21,2024-09-10,20,5.0,182,55,32,690.24,No,0.27,4.3,No
C0360,37,Female,Germany,TikTok,2024-03-26,2024-07-22,23,3.8,267,102,48,2695.06,No,0.42,3.9,Yes
C0361,62,Male,Italy,TikTok,2024-07-30,2024-10-30,33,7.5,58,13,5,242.53,Yes,0.44,3.2,No
C0362,63,Male,Spain,Instagram,2024-02-28,2024-09-05,33,9.4,233,63,25,884.09,Yes,0.2,3.8,Yes
C0363,60,Male,Italy,Google Ads,2024-03-15,2024-05-09,54,9.7,243,51,16,787.3,No,0.16,3.4,Yes
C0364,57,Female,Portugal,Instagram,2024-08-22,2025-01-06,59,6.1,177,54,10,553.08,Yes,0.12,4.3,Yes
C0365,56,Male,Italy,Google Ads,2024-10-07,2024-12-27,44,3.2,220,68,36,790.44,Yes,0.05,3.7,No
C0366,56,Female,Italy,Email Campaign,2024-02-14,2024-03-07,11,3.3,163,64,16,502.0,Yes,0.48,4.5,Yes
C0367,38,Female,France,TikTok,2024-02-04,2024-06-02,58,4.5,228,48,18,447.86,No,0.18,3.8,No
C0368,24,Male,Portugal,TikTok,2024-12-18,2025-05-31,55,8.1,230,59,26,849.15,No,0.47,4.2,Yes
C0369,49,Male,Germany,Organic Search,2024-04-29,2024-11-06,23,5.9,390,93,22,849.1,Yes,0.37,3.4,Yes
C0370,39,Female,Portugal,Organic Search,2024-11-22,2025-01-25,5,3.8,213,51,15,774.12,No,0.16,4.1,Yes
C0371,39,Female,France,Referral,2024-10-18,2025-04-03,6,6.4,315,74,24,804.42,No,0.46,4.6,Yes
C0372,52,Female,Germany,TikTok,2024-07-30,2025-02-15,8,9.2,341,103,43,2026.5,Yes,0.12,4.4,Yes
C0373,22,Male,France,Email Campaign,2024-01-16,2024-04-21,29,7.9,252,77,20,884.55,Yes,0.31,4.7,Yes
C0374,63,Male,France,Email Campaign,2024-07-30,2024-08-31,36,3.3,328,81,30,1740.87,Yes,0.27,3.4,Yes
C0375,23,Female,Spain,Organic Search,2024-01-13,2024-05-25,37,8.8,97,23,13,640.87,No,0.39,3.3,Yes
C0376,61,Male,Italy,Google Ads,2024-01-19,2024-05-25,29,6.3,243,90,22,713.66,Yes,0.35,4.2,No
C0377,24,Female,Portugal,Instagram,2024-10-22,2025-01-19,45,4.1,278,67,18,566.33,No,0.39,4.3,No
C0378,18,Male,Portugal,Google Ads,2024-10-04,2025-01-11,40,6.8,131,33,19,991.04,Yes,0.1,3.6,Yes
C0379,26,Male,Portugal,TikTok,2024-12-11,2025-01-02,11,8.0,148,31,11,298.75,No,0.32,3.6,Yes
C0380,23,Female,Italy,Organic Search,2024-03-08,2024-04-10,57,9.3,267,102,39,1490.71,No,0.25,4.9,No
C0381,41,Female,France,Google Ads,2024-12-24,2025-06-22,26,4.2,301,112,36,1422.01,Yes,0.25,3.7,Yes
C0382,56,Male,France,Organic Search,2024-02-22,2024-06-14,57,7.3,278,99,32,1471.3,No,0.28,3.8,Yes
C0383,28,Female,Italy,TikTok,2024-02-03,2024-05-10,18,3.5,270,91,33,1953.87,No,0.28,3.5,Yes
C0384,49,Male,Italy,Organic Search,2024-11-01,2025-03-09,25,8.4,201,44,16,517.14,No,0.05,3.2,Yes
C0385,38,Female,Germany,Referral,2024-12-04,2024-12-29,10,5.0,136,49,27,1515.52,Yes,0.38,4.3,Yes
C0386,54,Female,Italy,Google Ads,2024-04-15,2024-10-16,25,7.1,132,41,23,740.19,No,0.36,4.8,Yes
C0387,50,Female,Italy,Google Ads,2024-05-30,2024-06-24,28,6.0,294,91,20,962.68,No,0.07,3.6,No
C0388,43,Female,Italy,Referral,2024-07-14,2024-11-04,29,5.9,169,52,24,935.88,Yes,0.29,4.7,Yes
C0389,60,Male,France,Google Ads,2024-01-06,2024-02-03,46,6.2,64,14,7,324.22,Yes,0.06,4.3,Yes
C0390,45,Male,Italy,TikTok,2024-09-17,2025-01-13,40,6.5,271,78,26,713.22,Yes,0.3,4.7,No
C0391,52,Female,Germany,Instagram,2024-01-20,2024-06-23,35,9.9,299,81,35,2046.43,Yes,0.09,4.5,Yes
C0392,47,Male,France,Organic Search,2024-11-08,2024-12-10,20,3.1,204,66,30,1402.46,No,0.31,4.8,Yes
C0393,50,Female,Germany,Organic Search,2024-06-18,2024-10-13,27,6.3,383,151,47,1254.92,No,0.37,4.1,No
C0394,54,Male,Spain,Referral,2024-05-29,2024-12-13,44,4.8,61,15,3,120.67,No,0.14,4.2,No
C0395,56,Male,Portugal,Organic Search,2024-03-18,2024-09-12,33,9.9,144,52,15,720.46,No,0.11,4.1,No
C0396,56,Male,Spain,TikTok,2024-07-30,2024-11-15,20,3.4,240,69,31,881.46,No,0.05,3.5,Yes
C0397,43,Female,Germany,Email Campaign,2024-08-31,2025-01-24,19,7.7,191,64,22,671.11,No,0.03,4.9,Yes
C0398,61,Male,Italy,Instagram,2024-09-29,2025-03-21,27,7.6,308,113,50,2304.13,No,0.18,3.5,No
C0399,47,Male,Germany,Referral,2024-12-10,2025-05-19,54,3.1,128,38,17,1015.39,No,0.28,4.3,Yes
C0400,51,Male,Portugal,Referral,2024-08-16,2024-11-23,19,4.5,235,60,16,335.17,Yes,0.05,4.2,Yes
C0401,58,Male,Italy,Referral,2024-03-02,2024-04-03,59,6.3,214,48,22,1231.91,Yes,0.45,4.4,No
C0402,58,Female,Portugal,Email Campaign,2024-08-06,2025-02-09,47,3.4,247,87,26,1331.96,No,0.39,3.8,No
C0403,29,Female,France,Instagram,2024-09-08,2024-11-08,44,8.0,180,42,16,412.08,No,0.12,4.3,Yes
C0404,20,Male,Portugal,Instagram,2024-10-19,2025-05-03,21,7.9,248,71,39,1012.21,Yes,0.47,4.3,No
C0405,54,Male,Germany,Organic Search,2024-12-28,2025-05-12,35,8.7,209,58,28,1469.75,Yes,0.28,3.0,Yes
C0406,25,Female,Germany,Email Campaign,2024-12-15,2025-03-12,30,7.5,83,27,15,354.4,No,0.06,3.9,Yes
C0407,53,Male,Spain,TikTok,2024-12-04,2025-01-31,24,4.0,250,69,16,760.86,No,0.06,4.3,Yes
C0408,19,Male,Spain,TikTok,2024-07-18,2024-08-13,55,5.4,206,67,26,1523.55,No,0.48,3.0,No
C0409,43,Male,Portugal,Google Ads,2024-11-30,2025-05-29,38,7.6,167,64,35,1451.19,Yes,0.46,3.1,No
C0410,57,Male,Germany,Google Ads,2024-12-25,2025-06-19,13,8.7,68,15,3,96.88,Yes,0.24,3.3,Yes
C0411,25,Female,Portugal,Organic Search,2024-11-11,2025-01-16,9,4.0,255,61,20,1068.72,No,0.18,5.0,Yes
C0412,20,Male,Spain,Email Campaign,2024-02-02,2024-03-13,22,3.7,94,33,8,278.38,Yes,0.23,4.9,No
C0413,42,Male,Italy,Instagram,2024-09-06,2024-10-06,5,7.8,53,12,2,92.14,No,0.22,4.6,Yes
C0414,27,Female,Spain,Organic Search,2024-08-18,2024-12-11,20,5.1,319,74,35,1534.78,No,0.31,3.2,Yes
C0415,18,Male,Germany,Google Ads,2024-03-01,2024-07-24,11,3.4,270,73,36,1497.2,Yes,0.24,4.3,No
C0416,27,Female,Portugal,TikTok,2024-03-31,2024-05-20,47,6.2,286,59,27,847.87,No,0.14,4.2,Yes
C0417,65,Male,Portugal,Organic Search,2024-03-31,2024-05-20,55,7.7,57,16,3,167.41,No,0.3,3.7,No
C0418,32,Male,France,Email Campaign,2024-04-26,2024-05-31,20,4.0,285,80,22,1224.4,Yes,0.25,4.0,Yes
C0419,47,Male,Italy,TikTok,2024-07-10,2024-08-23,34,4.0,245,58,19,584.97,No,0.08,4.4,No
C0420,47,Female,Germany,Google Ads,2024-06-24,2024-08-29,23,5.9,265,61,31,1801.42,Yes,0.3,4.1,No
C0421,49,Male,Italy,Organic Search,2024-08-30,2025-01-05,22,9.6,55,19,9,268.8,No,0.23,3.4,Yes
C0422,18,Female,Italy,Instagram,2024-01-21,2024-05-30,51,3.1,258,77,28,1001.64,Yes,0.24,3.5,Yes
C0423,31,Male,Germany,Email Campaign,2024-05-31,2024-08-10,46,6.2,94,19,8,211.78,No,0.43,4.5,No
C0424,63,Female,Spain,Google Ads,2024-07-08,2024-12-25,34,7.9,253,82,44,1004.43,No,0.27,3.6,Yes
C0425,52,Male,Italy,Referral,2024-02-11,2024-07-28,26,7.3,249,96,38,2143.21,No,0.45,3.2,Yes
C0426,41,Male,France,Referral,2024-10-13,2025-04-21,9,8.3,231,78,21,1244.25,Yes,0.28,4.3,Yes
C0427,65,Male,Spain,Email Campaign,2024-06-29,2024-09-15,37,8.0,246,70,15,523.69,No,0.25,4.1,No
C0428,36,Female,Italy,Organic Search,2024-07-07,2025-01-05,49,9.7,269,106,58,1596.98,No,0.06,3.8,No
C0429,24,Male,Portugal,Email Campaign,2024-02-27,2024-09-02,14,3.9,177,40,11,638.93,Yes,0.16,4.9,Yes
C0430,44,Female,France,Referral,2024-11-26,2024-12-11,23,5.3,117,24,13,380.81,No,0.22,3.7,Yes
C0431,60,Female,Italy,TikTok,2024-06-04,2024-11-06,13,4.0,292,104,27,820.81,No,0.2,3.6,Yes
C0432,47,Male,France,Organic Search,2024-03-23,2024-10-01,39,7.0,147,34,9,434.92,Yes,0.1,3.2,Yes
C0433,34,Female,Germany,Google Ads,2024-04-15,2024-09-15,50,9.4,75,24,14,362.85,No,0.28,3.3,No
C0434,49,Male,Germany,TikTok,2024-06-12,2024-07-31,5,9.9,387,134,79,2626.85,No,0.25,3.6,Yes
C0435,60,Male,Italy,Organic Search,2024-08-14,2024-11-18,49,6.1,81,28,15,383.65,Yes,0.17,3.8,Yes
C0436,38,Male,Portugal,Organic Search,2024-11-24,2025-01-22,42,9.7,184,44,25,777.93,Yes,0.06,4.7,Yes
C0437,43,Male,Italy,TikTok,2024-06-11,2024-11-22,43,3.1,189,73,41,1412.15,Yes,0.36,3.9,Yes
C0438,40,Female,France,TikTok,2024-10-14,2024-11-15,18,6.0,283,106,52,1904.47,No,0.16,4.6,Yes
C0439,26,Male,Germany,Google Ads,2024-04-16,2024-07-12,35,5.9,353,107,35,2006.41,No,0.06,3.8,Yes
C0440,47,Male,Italy,Google Ads,2024-04-05,2024-07-21,23,8.5,200,59,31,994.47,No,0.26,4.5,No
C0441,34,Female,Spain,Referral,2024-11-21,2025-03-31,12,9.8,238,79,24,652.2,Yes,0.03,4.5,Yes
C0442,65,Female,Italy,Organic Search,2024-09-03,2025-02-04,32,4.8,285,71,33,1946.02,Yes,0.2,4.5,No
C0443,21,Male,Italy,Email Campaign,2024-08-24,2025-02-27,13,3.5,148,34,10,367.81,No,0.04,3.6,Yes
C0444,58,Male,Spain,Instagram,2024-11-02,2024-12-24,39,6.7,145,54,28,1327.16,No,0.15,4.4,Yes
C0445,27,Male,France,Google Ads,2024-09-22,2024-12-13,28,8.6,298,88,29,1636.51,Yes,0.12,4.0,Yes
C0446,57,Male,Italy,TikTok,2024-08-23,2024-09-21,12,6.7,271,61,12,407.14,No,0.09,3.9,Yes
C0447,29,Female,France,Instagram,2024-03-01,2024-05-06,13,8.5,322,109,51,1647.15,Yes,0.08,3.2,Yes
C0448,19,Female,Portugal,TikTok,2024-01-22,2024-03-22,11,3.1,58,20,8,178.96,Yes,0.46,3.1,No
C0449,25,Male,Portugal,Organic Search,2024-04-12,2024-06-08,47,6.5,139,28,7,348.94,No,0.48,3.7,No
C0450,33,Male,Italy,Instagram,2024-10-23,2024-11-05,38,6.5,110,37,21,564.29,Yes,0.49,3.2,No
C0451,41,Male,Germany,TikTok,2024-12-10,2025-01-16,16,6.3,341,92,32,914.27,Yes,0.22,4.5,No
C0452,26,Female,Italy,Email Campaign,2024-12-26,2025-03-19,40,8.9,245,50,16,394.06,No,0.24,4.5,Yes
C0453,53,Female,Spain,Email Campaign,2024-08-07,2024-10-04,59,3.7,73,27,14,805.89,No,0.11,5.0,Yes
C0454,51,Male,Germany,Instagram,2024-03-14,2024-07-03,30,7.2,295,93,22,1254.26,Yes,0.05,5.0,No
C0455,25,Male,Germany,TikTok,2024-09-12,2024-12-02,53,9.9,301,106,46,2311.6,No,0.19,4.3,Yes
C0456,35,Male,Italy,TikTok,2024-02-25,2024-04-06,21,3.2,183,54,24,609.22,Yes,0.37,4.7,Yes
C0457,42,Female,Spain,Google Ads,2024-06-04,2024-11-20,44,6.4,81,28,13,530.37,No,0.4,3.4,Yes
C0458,52,Female,France,Organic Search,2024-10-06,2024-10-20,53,3.2,69,27,14,346.72,No,0.17,3.8,Yes
C0459,60,Female,Italy,Referral,2024-03-25,2024-08-07,32,6.3,88,23,8,404.48,No,0.34,4.4,Yes
C0460,50,Male,Spain,TikTok,2024-05-14,2024-09-27,42,8.9,327,90,42,2127.67,No,0.17,3.1,No
C0461,65,Male,France,Referral,2024-06-23,2024-10-08,11,9.4,190,51,17,578.86,Yes,0.14,4.3,Yes
C0462,37,Male,Portugal,Email Campaign,2024-03-27,2024-04-11,39,9.9,133,27,12,442.79,No,0.15,4.4,Yes
C0463,54,Female,Germany,Email Campaign,2024-10-20,2024-11-24,56,4.4,227,49,23,769.09,No,0.1,3.6,Yes
C0464,52,Male,Portugal,Email Campaign,2024-05-15,2024-06-06,24,4.9,196,54,15,745.73,Yes,0.36,4.2,Yes
C0465,51,Female,Italy,TikTok,2024-04-17,2024-07-24,55,4.8,72,23,7,365.16,No,0.34,3.6,Yes
C0466,47,Male,Italy,Instagram,2024-11-17,2025-05-26,38,9.0,283,67,26,1207.24,No,0.15,4.3,Yes
C0467,54,Male,Germany,Organic Search,2024-04-12,2024-07-24,34,7.4,113,28,13,658.08,No,0.22,4.7,Yes
C0468,35,Female,Germany,Referral,2024-03-23,2024-06-06,48,6.9,263,65,19,493.97,Yes,0.14,4.7,Yes
C0469,45,Male,Germany,Google Ads,2024-03-22,2024-06-09,13,8.5,74,18,9,417.12,Yes,0.33,3.1,Yes
C0470,23,Female,Portugal,Organic Search,2024-06-01,2024-06-27,31,3.8,279,76,35,826.43,Yes,0.13,4.1,Yes
C0471,51,Female,Italy,TikTok,2024-02-16,2024-04-26,43,4.5,85,30,9,479.64,No,0.41,4.5,Yes
C0472,29,Male,Portugal,Email Campaign,2024-08-13,2024-12-05,21,9.7,270,85,33,1154.61,Yes,0.17,3.8,Yes
C0473,41,Female,Spain,Referral,2024-07-07,2024-10-03,6,6.9,236,92,40,2146.36,Yes,0.35,4.6,No
C0474,58,Female,France,Referral,2024-03-03,2024-07-27,60,9.6,132,49,17,958.66,No,0.47,4.8,No
C0475,37,Male,Spain,Google Ads,2024-08-12,2025-01-30,25,6.3,302,109,49,2527.06,No,0.44,4.6,Yes
C0476,39,Female,Germany,Instagram,2024-03-23,2024-09-27,21,7.5,232,49,18,885.05,No,0.24,3.1,No
C0477,59,Male,Germany,Instagram,2024-07-24,2024-09-23,45,5.2,166,43,10,263.13,Yes,0.43,4.4,Yes
C0478,65,Male,Germany,Email Campaign,2024-03-29,2024-09-30,42,9.2,339,90,28,654.53,No,0.11,4.8,Yes
C0479,19,Male,Spain,Organic Search,2024-11-27,2025-05-12,45,4.0,118,45,26,726.2,Yes,0.04,4.2,Yes
C0480,28,Male,France,Instagram,2024-09-26,2025-01-25,54,8.5,342,131,69,2743.85,Yes,0.36,3.4,Yes
C0481,65,Female,France,TikTok,2024-03-07,2024-07-05,59,5.0,122,39,23,720.33,Yes,0.22,3.8,No
C0482,33,Female,France,Google Ads,2024-07-08,2024-12-14,48,5.7,258,75,15,379.92,No,0.49,3.8,No
C0483,65,Female,Germany,Instagram,2024-02-18,2024-07-19,8,9.8,81,21,6,337.97,Yes,0.02,4.0,Yes
C0484,26,Male,France,Organic Search,2024-04-01,2024-06-16,15,3.8,213,63,21,813.19,Yes,0.17,4.1,No
C0485,26,Female,Portugal,Email Campaign,2024-07-03,2024-10-31,23,8.2,281,105,46,2321.28,No,0.27,3.9,No
C0486,27,Female,Germany,Instagram,2024-04-06,2024-05-24,8,3.3,140,33,12,318.51,No,0.23,5.0,Yes
C0487,63,Female,France,TikTok,2024-09-09,2024-10-17,59,4.9,280,104,25,593.58,No,0.11,3.3,Yes
C0488,31,Male,Italy,Organic Search,2024-10-19,2024-12-14,31,5.8,299,64,32,1506.44,No,0.03,4.4,Yes
C0489,24,Female,Italy,Google Ads,2024-01-15,2024-02-14,34,7.6,275,93,36,1624.83,No,0.31,3.0,Yes
C0490,38,Male,Germany,Google Ads,2024-01-25,2024-07-17,23,8.4,171,61,30,1256.59,No,0.06,3.5,No
C0491,23,Male,Germany,Google Ads,2024-03-24,2024-07-11,54,9.5,198,50,25,1154.06,Yes,0.16,4.6,Yes
C0492,26,Female,Italy,Referral,2024-02-19,2024-06-02,37,4.3,106,31,17,663.98,No,0.06,3.8,Yes
C0493,23,Male,Germany,Organic Search,2024-06-23,2024-10-29,48,6.3,139,45,21,1201.76,Yes,0.16,3.9,Yes
C0494,26,Female,Spain,Google Ads,2024-09-24,2025-01-21,23,8.0,214,44,10,218.04,Yes,0.27,3.8,Yes
C0495,40,Female,France,Organic Search,2024-02-11,2024-06-28,6,5.2,94,32,12,617.37,No,0.04,3.8,Yes
C0496,60,Female,Germany,Organic Search,2024-05-15,2024-08-20,60,3.0,334,79,21,1047.5,No,0.44,3.2,Yes
C0497,18,Male,Portugal,Referral,2024-09-01,2025-01-06,49,7.8,153,57,33,1454.49,No,0.17,4.6,Yes
C0498,37,Male,Germany,Google Ads,2024-03-10,2024-03-23,17,6.1,101,36,17,467.99,Yes,0.12,4.3,Yes
C0499,30,Male,Italy,Email Campaign,2024-08-25,2024-10-11,35,7.1,165,33,8,208.78,No,0.48,3.9,Yes
C0500,36,Female,Spain,Instagram,2024-06-19,2024-07-01,11,5.0,232,85,31,1135.45,No,0.37,4.2,Yes
C0501,43,Female,Germany,Organic Search,2024-10-29,2025-05-12,44,3.4,375,125,65,2568.54,Yes,0.27,3.8,No
C0502,48,Male,Germany,TikTok,2024-11-14,2025-05-08,27,7.1,213,72,14,441.29,Yes,0.25,3.9,Yes
C0503,56,Female,France,Google Ads,2024-05-30,2024-12-11,50,7.4,178,69,36,1689.27,No,0.4,4.6,Yes
C0504,62,Male,France,Referral,2024-09-04,2024-10-17,16,3.1,121,27,10,517.39,No,0.17,3.4,No
C0505,40,Male,France,Google Ads,2024-09-14,2024-10-02,56,8.4,79,21,5,145.34,Yes,0.25,5.0,Yes
C0506,35,Male,Italy,Referral,2024-09-20,2025-03-03,47,8.5,79,26,14,525.18,No,0.48,4.5,Yes
C0507,24,Male,Italy,Organic Search,2024-02-23,2024-04-15,45,9.1,84,31,17,446.78,No,0.36,4.5,Yes
C0508,59,Female,Spain,Email Campaign,2024-03-11,2024-04-21,59,4.2,111,31,11,558.37,Yes,0.42,3.9,No
C0509,41,Female,France,Email Campaign,2024-11-18,2025-05-17,20,6.2,105,36,14,720.84,Yes,0.4,3.8,Yes
C0510,61,Female,Italy,Instagram,2024-08-14,2024-09-30,54,3.4,54,18,7,159.48,No,0.17,5.0,No
C0511,60,Male,Portugal,Organic Search,2024-01-30,2024-07-19,50,8.1,254,84,34,1082.19,No,0.45,4.4,Yes
C0512,40,Male,France,Email Campaign,2024-09-27,2025-03-12,14,5.8,274,76,34,1887.11,No,0.35,4.8,Yes
C0513,37,Male,Spain,Instagram,2024-10-02,2025-01-05,29,5.4,258,88,48,1959.3,No,0.12,4.0,No
C0514,19,Male,Spain,Organic Search,2024-10-30,2025-01-14,20,6.6,289,102,50,2973.91,Yes,0.37,4.7,No
C0515,21,Male,Portugal,TikTok,2024-06-01,2024-11-04,52,8.0,51,14,8,417.72,Yes,0.19,3.6,Yes
C0516,63,Female,Spain,Organic Search,2024-05-06,2024-06-11,25,3.6,200,63,33,1136.87,Yes,0.09,3.9,Yes
C0517,26,Female,Germany,Google Ads,2024-08-16,2024-09-14,28,10.0,289,88,38,1548.8,No,0.44,4.2,Yes
C0518,64,Female,Germany,Google Ads,2024-03-14,2024-07-31,13,4.1,226,77,19,915.44,Yes,0.35,3.9,No
C0519,41,Male,Italy,Organic Search,2024-07-28,2024-09-04,12,3.2,151,47,10,261.32,No,0.17,3.7,No
C0520,27,Female,Spain,Instagram,2024-06-05,2024-08-26,18,5.2,105,38,15,373.4,No,0.05,3.1,Yes
C0521,39,Female,Germany,TikTok,2024-11-06,2024-12-19,53,7.4,110,33,12,455.97,No,0.09,4.5,No
C0522,44,Female,Italy,Google Ads,2024-07-21,2024-10-25,39,8.6,64,25,13,642.67,Yes,0.44,4.4,Yes
C0523,53,Male,France,Referral,2024-10-13,2024-11-13,17,7.6,352,113,48,1061.52,Yes,0.38,4.0,No
C0524,29,Male,Italy,Email Campaign,2024-04-15,2024-06-26,58,3.2,241,88,38,888.66,No,0.21,3.1,Yes
C0525,29,Female,Germany,Instagram,2024-09-27,2024-12-27,29,5.1,149,32,18,750.08,No,0.09,3.5,No
C0526,61,Male,Germany,Instagram,2024-11-10,2025-02-11,16,8.8,72,24,7,167.65,Yes,0.22,3.6,Yes
C0527,21,Male,Portugal,Google Ads,2024-11-01,2025-04-10,20,6.4,176,53,21,1217.46,No,0.05,3.9,Yes
C0528,58,Male,Germany,Instagram,2024-05-17,2024-10-15,42,7.5,288,63,31,1427.92,Yes,0.17,3.8,No
C0529,27,Female,Spain,Organic Search,2024-03-27,2024-06-07,39,7.6,322,91,51,1941.55,Yes,0.41,4.9,Yes
C0530,18,Male,Spain,TikTok,2024-05-19,2024-10-29,21,8.2,290,97,58,3114.46,Yes,0.3,4.0,No
C0531,22,Female,Italy,Instagram,2024-07-21,2025-01-25,12,9.2,275,62,26,810.64,No,0.12,4.0,Yes
C0532,58,Female,France,Referral,2024-08-19,2024-11-06,20,3.0,262,103,34,1305.33,No,0.03,4.4,Yes
C0533,18,Male,Germany,Referral,2024-03-29,2024-07-22,40,3.2,362,122,48,1714.16,Yes,0.4,4.3,No
C0534,61,Male,Germany,Email Campaign,2024-07-11,2024-12-21,27,3.1,193,45,22,1053.39,Yes,0.08,3.7,No
C0535,35,Female,Portugal,Google Ads,2024-02-16,2024-08-01,45,7.2,127,45,12,710.46,No,0.04,4.0,Yes
C0536,30,Female,Portugal,Instagram,2024-05-22,2024-10-24,37,4.8,176,41,11,545.08,Yes,0.05,3.3,No
C0537,32,Female,Italy,Google Ads,2024-12-13,2024-12-28,49,7.6,234,71,21,890.5,No,0.02,3.9,Yes
C0538,45,Female,France,Email Campaign,2024-03-03,2024-09-03,38,5.2,202,60,24,521.73,Yes,0.04,4.8,Yes
C0539,30,Female,Germany,Instagram,2024-10-19,2024-11-04,52,7.4,139,54,19,436.57,Yes,0.11,3.7,No
C0540,48,Female,Portugal,Instagram,2024-10-30,2025-04-18,26,4.7,265,66,16,472.55,No,0.42,4.6,Yes
C0541,56,Female,Portugal,Instagram,2024-11-16,2025-03-20,42,3.4,81,17,3,64.0,No,0.45,4.4,Yes
C0542,21,Female,Germany,Organic Search,2024-11-16,2025-03-16,9,9.1,98,32,13,413.36,No,0.21,4.2,Yes
C0543,18,Female,Italy,TikTok,2024-08-25,2024-12-22,44,3.7,218,48,22,1034.68,Yes,0.24,3.7,No
C0544,63,Male,Italy,Organic Search,2024-04-09,2024-09-12,13,3.9,223,67,22,863.63,No,0.11,3.3,No
C0545,45,Female,Italy,Email Campaign,2024-10-25,2025-03-22,54,4.0,91,20,6,202.3,No,0.49,4.0,Yes
C0546,50,Male,Spain,TikTok,2024-06-25,2024-08-24,17,5.3,234,89,45,1514.79,No,0.35,5.0,Yes
C0547,54,Female,Italy,Organic Search,2024-06-02,2024-09-27,26,4.6,95,20,11,620.64,No,0.13,3.0,No
C0548,31,Male,Italy,TikTok,2024-06-18,2025-01-03,29,5.0,107,29,15,304.04,Yes,0.06,3.1,No
C0549,58,Female,Spain,Instagram,2024-01-16,2024-03-16,17,4.2,134,31,17,828.81,No,0.43,3.5,No
C0550,24,Male,France,Referral,2024-03-11,2024-06-26,46,9.6,301,113,37,1051.15,No,0.14,4.6,Yes
C0551,45,Male,Italy,Instagram,2024-03-14,2024-04-26,55,7.3,102,24,8,279.76,No,0.49,3.5,No
C0552,52,Female,Spain,Google Ads,2024-06-16,2024-08-28,8,7.6,232,83,45,2432.7,No,0.12,3.2,Yes
C0553,28,Female,Portugal,Referral,2024-09-17,2024-12-31,36,5.8,182,53,17,594.24,No,0.36,4.0,No
C0554,59,Male,Italy,Google Ads,2024-04-22,2024-06-22,33,6.9,283,69,19,703.02,No,0.29,4.9,Yes
C0555,23,Female,Spain,TikTok,2024-09-22,2024-12-31,19,5.2,218,45,18,602.19,No,0.24,3.8,Yes
C0556,19,Male,Germany,TikTok,2024-04-29,2024-07-15,46,3.5,89,24,5,268.52,Yes,0.4,4.9,No
C0557,52,Male,Portugal,Email Campaign,2024-04-10,2024-10-09,26,9.0,114,29,15,710.12,No,0.11,4.2,No
C0558,34,Male,Italy,Email Campaign,2024-05-24,2024-08-30,55,4.0,160,62,32,1609.99,Yes,0.25,4.0,Yes
C0559,32,Male,Germany,Referral,2024-04-17,2024-08-26,19,6.0,236,74,31,1201.24,No,0.18,3.2,Yes
C0560,31,Female,Germany,TikTok,2024-10-12,2024-10-29,28,4.6,110,34,8,461.87,Yes,0.26,4.3,Yes
C0561,61,Female,Germany,Referral,2024-10-02,2024-12-27,25,8.6,260,53,27,1535.92,Yes,0.49,5.0,Yes
C0562,54,Female,Italy,TikTok,2024-04-14,2024-08-02,9,7.7,195,54,21,696.23,No,0.33,3.6,No
C0563,20,Female,Spain,Instagram,2024-04-05,2024-06-04,9,5.3,311,122,38,1114.22,Yes,0.24,3.7,No
C0564,43,Male,Germany,Instagram,2024-03-07,2024-08-01,31,8.0,223,77,27,1515.87,Yes,0.08,3.4,Yes
C0565,28,Female,Germany,Organic Search,2024-04-13,2024-08-29,50,6.7,292,85,23,1371.8,No,0.05,3.8,Yes
C0566,49,Female,Italy,TikTok,2024-10-21,2024-11-10,52,5.9,76,19,10,382.52,No,0.21,4.6,Yes
C0567,57,Female,Spain,TikTok,2024-07-15,2025-01-09,16,6.8,250,78,27,1561.34,Yes,0.45,3.3,Yes
C0568,62,Male,Portugal,TikTok,2024-07-29,2024-12-27,12,3.3,144,31,7,354.63,No,0.22,3.3,No
C0569,22,Female,Portugal,TikTok,2024-06-24,2025-01-10,30,3.5,269,64,13,390.31,Yes,0.18,4.5,Yes
C0570,60,Male,Italy,Referral,2024-08-12,2024-09-26,35,4.2,273,69,18,963.72,Yes,0.11,3.2,Yes
C0571,61,Female,Portugal,Google Ads,2024-08-13,2024-11-22,16,7.5,105,36,20,825.84,No,0.35,4.7,Yes
C0572,42,Female,Portugal,TikTok,2024-01-27,2024-07-08,5,3.2,62,21,10,571.53,No,0.46,3.4,No
C0573,39,Male,Portugal,Referral,2024-12-08,2025-01-03,19,8.7,295,111,57,3033.43,Yes,0.37,3.1,Yes
C0574,53,Male,France,Organic Search,2024-04-16,2024-09-11,30,5.7,348,99,29,702.83,No,0.1,3.8,No
C0575,32,Male,Germany,Referral,2024-05-22,2024-11-14,44,9.9,187,39,21,765.32,No,0.49,3.2,Yes
C0576,28,Female,Italy,Instagram,2024-11-03,2025-02-04,45,5.2,239,66,37,1881.68,Yes,0.18,4.3,Yes
C0577,22,Female,Germany,Instagram,2024-11-07,2025-04-15,33,5.2,191,57,28,1123.83,Yes,0.13,4.2,Yes
C0578,33,Male,Germany,Instagram,2024-03-11,2024-06-24,36,8.2,162,38,13,593.86,Yes,0.46,4.2,Yes
C0579,26,Female,France,Email Campaign,2024-11-25,2024-12-15,38,4.4,302,119,54,1703.06,Yes,0.13,4.5,No
C0580,60,Male,Portugal,Referral,2024-12-22,2025-07-04,19,3.4,205,76,31,847.6,Yes,0.05,4.0,Yes
C0581,31,Male,Spain,Instagram,2024-03-29,2024-09-06,40,4.7,288,103,29,1168.61,No,0.37,3.6,Yes
C0582,56,Male,Spain,Email Campaign,2024-05-26,2024-10-30,33,6.3,326,106,32,1640.05,Yes,0.48,3.7,Yes
C0583,50,Female,Germany,Google Ads,2024-09-03,2024-09-18,53,4.8,191,54,12,675.1,No,0.31,3.3,Yes
C0584,37,Female,Germany,Email Campaign,2024-07-11,2024-12-11,43,8.1,224,48,12,465.24,Yes,0.46,3.0,Yes
C0585,49,Female,France,TikTok,2024-07-21,2025-02-06,28,9.5,177,52,23,1001.24,No,0.44,5.0,No
C0586,30,Female,Spain,Email Campaign,2024-06-27,2024-11-14,50,3.2,192,62,21,468.47,No,0.46,4.5,No
C0587,58,Male,France,Referral,2024-12-06,2025-05-30,14,3.1,139,44,25,647.37,Yes,0.31,4.9,Yes
C0588,59,Female,Portugal,TikTok,2024-12-27,2025-06-05,10,7.6,182,69,37,985.42,No,0.14,3.6,Yes
C0589,55,Female,Germany,Referral,2024-07-29,2025-02-10,60,7.9,93,20,8,415.21,Yes,0.15,3.4,Yes
C0590,28,Female,Portugal,Instagram,2024-02-19,2024-03-17,54,4.4,228,64,23,725.27,No,0.1,3.7,Yes
C0591,50,Male,Spain,TikTok,2024-10-17,2024-12-20,16,9.4,111,23,6,302.2,No,0.49,4.7,Yes
C0592,58,Male,Portugal,Instagram,2024-05-30,2024-06-30,29,4.9,81,20,6,260.56,No,0.25,4.5,No
C0593,60,Male,Portugal,Instagram,2024-04-18,2024-09-08,55,6.0,51,14,5,292.41,No,0.47,3.9,No
C0594,61,Female,France,Email Campaign,2024-05-02,2024-08-12,47,5.8,182,50,11,376.65,No,0.41,3.0,Yes
C0595,19,Male,Spain,Organic Search,2024-05-23,2024-11-28,53,7.5,283,70,26,1233.63,No,0.27,4.3,No
C0596,19,Female,France,Instagram,2024-06-15,2024-12-15,33,6.3,130,41,14,623.05,Yes,0.19,4.9,Yes
C0597,64,Female,Portugal,Email Campaign,2024-11-06,2025-01-04,50,7.7,86,32,17,873.71,Yes,0.08,4.6,No
C0598,47,Male,Italy,TikTok,2024-02-29,2024-07-11,47,9.5,197,48,13,651.69,Yes,0.07,5.0,No
C0599,42,Female,France,Google Ads,2024-05-11,2024-11-07,35,9.5,351,133,33,839.2,No,0.06,4.4,Yes
C0600,22,Female,Italy,TikTok,2024-07-14,2025-01-07,46,5.4,262,81,43,2250.53,Yes,0.14,3.6,No
C0601,30,Male,Italy,Organic Search,2024-07-07,2024-08-18,59,6.0,136,53,22,441.48,Yes,0.3,3.4,Yes
C0602,61,Male,France,Organic Search,2024-12-05,2025-05-18,42,6.5,127,28,5,270.47,No,0.09,4.9,Yes
C0603,27,Female,Germany,Google Ads,2024-12-06,2025-06-13,7,8.8,263,69,27,1283.69,No,0.5,4.4,Yes
C0604,36,Female,Germany,Instagram,2024-06-19,2024-08-07,57,8.1,302,73,35,1834.59,Yes,0.46,4.6,Yes
C0605,60,Male,France,Instagram,2024-10-07,2025-01-25,26,9.5,189,63,37,1861.42,No,0.05,4.5,No
C0606,43,Male,Italy,Google Ads,2024-06-14,2024-11-19,60,9.3,268,56,32,1029.21,Yes,0.3,3.9,Yes
C0607,31,Male,Spain,Referral,2024-11-29,2024-12-11,28,4.2,258,95,22,1131.24,Yes,0.2,5.0,Yes
C0608,24,Female,Portugal,TikTok,2024-04-01,2024-04-24,12,4.7,300,90,30,1120.59,Yes,0.32,3.8,No
C0609,37,Male,Germany,Referral,2024-07-11,2025-01-14,55,3.8,287,95,48,2620.6,No,0.15,4.3,Yes
C0610,25,Female,Portugal,Referral,2024-12-08,2025-04-27,19,7.5,55,17,10,391.8,Yes,0.4,3.4,Yes
C0611,37,Male,Germany,Instagram,2024-06-15,2024-07-11,50,6.7,366,136,56,2027.94,Yes,0.21,4.6,Yes
C0612,51,Male,Portugal,Google Ads,2024-12-03,2025-01-12,16,4.1,270,86,23,970.34,No,0.08,3.3,No
C0613,34,Male,Italy,Instagram,2024-03-04,2024-07-21,24,9.3,150,58,15,886.26,Yes,0.14,3.1,Yes
C0614,60,Female,France,Google Ads,2024-10-22,2025-03-06,49,3.3,156,47,27,920.29,Yes,0.35,4.3,No
C0615,37,Male,Spain,Google Ads,2024-11-04,2025-04-04,18,4.1,221,60,15,673.39,Yes,0.28,3.5,Yes
C0616,23,Female,Germany,Referral,2024-08-05,2025-02-08,14,6.6,243,58,26,800.18,Yes,0.36,4.1,Yes
C0617,44,Male,Spain,Email Campaign,2024-08-10,2024-11-25,6,3.6,325,104,24,599.64,Yes,0.35,3.8,No
C0618,35,Male,France,Google Ads,2024-05-20,2024-06-01,11,8.7,175,69,19,1103.35,Yes,0.1,4.5,No
C0619,24,Female,Germany,Referral,2024-10-19,2025-01-09,40,8.5,154,49,27,724.41,No,0.11,4.6,Yes
C0620,56,Female,Italy,TikTok,2024-10-30,2024-12-11,21,8.1,54,18,8,370.42,Yes,0.2,4.5,No
C0621,63,Male,France,Referral,2024-11-07,2025-03-04,50,9.2,200,47,27,1402.35,No,0.15,3.9,Yes
C0622,37,Male,Spain,Email Campaign,2024-07-27,2024-10-25,59,6.9,80,26,5,148.01,Yes,0.1,3.1,Yes
C0623,18,Female,Germany,Referral,2024-09-17,2025-04-02,13,8.2,223,66,31,1459.2,Yes,0.21,4.2,Yes
C0624,62,Female,Germany,Google Ads,2024-12-04,2025-04-28,48,5.5,266,55,20,534.83,Yes,0.1,3.7,No
C0625,45,Female,Portugal,TikTok,2024-03-28,2024-07-11,12,3.0,136,52,15,623.47,Yes,0.16,4.0,No
C0626,43,Male,Italy,Email Campaign,2024-11-25,2025-04-15,57,5.1,291,60,23,1028.33,No,0.05,3.0,Yes
C0627,18,Female,Portugal,Referral,2024-04-05,2024-07-26,27,8.4,52,11,4,93.56,Yes,0.22,4.8,No
C0628,32,Female,France,TikTok,2024-07-10,2024-10-04,28,8.2,190,71,29,892.6,No,0.34,3.9,No
C0629,40,Male,Portugal,Instagram,2024-04-07,2024-06-28,7,9.9,84,23,11,616.44,Yes,0.34,4.9,Yes
C0630,44,Female,Portugal,Organic Search,2024-09-10,2025-03-13,50,3.9,82,21,10,552.71,No,0.08,4.9,Yes
C0631,50,Male,France,Referral,2024-05-01,2024-05-24,48,6.0,314,84,49,2425.37,No,0.25,3.6,No
C0632,27,Male,Italy,Google Ads,2024-05-23,2024-07-01,60,8.1,122,48,14,739.54,Yes,0.25,4.6,No
C0633,29,Male,Italy,Organic Search,2024-11-18,2025-05-09,14,3.6,113,25,9,278.59,Yes,0.47,3.9,Yes
C0634,42,Female,Portugal,Organic Search,2024-06-05,2024-12-11,45,5.0,300,73,24,940.03,No,0.33,3.6,No
C0635,63,Female,France,Google Ads,2024-06-12,2024-07-04,16,4.3,72,14,6,197.19,No,0.25,4.8,No
C0636,41,Female,Germany,Email Campaign,2024-02-27,2024-04-01,47,6.7,68,22,11,277.34,No,0.38,3.7,Yes
C0637,33,Female,France,Google Ads,2024-10-26,2025-02-11,10,4.3,332,73,32,1410.35,Yes,0.3,4.8,Yes
C0638,24,Male,Germany,Organic Search,2024-11-12,2025-02-17,24,4.8,305,89,44,1819.06,Yes,0.04,3.4,Yes
C0639,40,Female,Italy,TikTok,2024-11-18,2025-05-30,12,5.0,297,85,33,1351.37,Yes,0.1,3.5,Yes
C0640,21,Male,Italy,Referral,2024-07-22,2024-12-05,48,4.4,195,72,42,1118.07,No,0.29,3.8,Yes
C0641,28,Male,Portugal,Organic Search,2024-12-22,2025-01-03,55,3.8,181,52,25,1025.07,No,0.43,3.6,No
C0642,20,Male,Spain,Email Campaign,2024-01-21,2024-07-12,14,6.7,320,120,68,2095.58,Yes,0.33,3.5,Yes
C0643,59,Female,Portugal,Referral,2024-11-05,2025-02-17,25,3.4,71,27,14,427.86,Yes,0.22,4.2,No
C0644,40,Male,Portugal,Referral,2024-05-23,2024-07-17,21,4.8,298,60,27,1477.42,Yes,0.37,4.4,Yes
C0645,53,Male,Italy,TikTok,2024-04-22,2024-07-24,22,4.0,107,33,17,851.97,Yes,0.23,4.5,Yes
C0646,23,Female,Germany,Google Ads,2024-08-23,2024-10-19,57,4.2,351,82,35,2020.7,Yes,0.33,3.0,No
C0647,61,Male,Germany,Instagram,2024-03-14,2024-04-11,32,5.6,145,42,19,685.9,Yes,0.37,4.6,Yes
C0648,25,Male,Portugal,Referral,2024-01-23,2024-03-06,20,6.8,247,53,13,586.24,Yes,0.4,3.0,Yes
C0649,63,Male,France,Google Ads,2024-03-12,2024-07-22,53,7.4,232,87,45,1453.29,No,0.09,3.1,Yes
C0650,19,Male,Portugal,Instagram,2024-10-05,2024-12-29,11,7.6,180,67,24,481.16,Yes,0.03,3.9,No
C0651,61,Female,Spain,Referral,2025-01-01,2025-02-08,36,9.5,102,40,11,640.85,No,0.19,4.2,No
C0652,20,Male,Portugal,Google Ads,2024-08-07,2024-12-30,26,4.9,203,47,17,947.32,No,0.32,3.6,Yes
C0653,60,Female,Germany,Email Campaign,2024-12-30,2025-01-28,55,8.5,65,24,14,715.56,Yes,0.17,3.8,Yes
C0654,22,Male,Germany,Organic Search,2024-08-06,2025-02-18,22,9.8,113,24,14,381.85,No,0.19,4.0,Yes
C0655,58,Female,Italy,Google Ads,2024-11-30,2025-02-10,29,7.0,164,50,20,794.08,Yes,0.2,4.2,Yes
C0656,62,Male,Spain,Google Ads,2024-07-04,2024-07-14,18,9.1,293,59,24,1399.31,Yes,0.05,3.7,Yes
C0657,36,Female,Spain,Google Ads,2024-10-09,2025-02-03,20,5.6,113,41,9,229.61,Yes,0.2,3.1,Yes
C0658,60,Male,Portugal,TikTok,2024-10-31,2024-12-20,6,8.2,87,23,5,115.41,No,0.09,3.4,Yes
C0659,48,Female,France,Referral,2024-06-21,2024-10-22,55,5.8,258,87,27,708.36,Yes,0.31,3.3,No
C0660,61,Female,Germany,Organic Search,2024-12-30,2025-03-16,41,3.9,231,60,17,973.39,No,0.49,4.0,Yes
C0661,43,Male,Spain,Google Ads,2024-07-19,2024-09-14,57,5.7,264,104,45,1038.98,No,0.25,4.3,Yes
C0662,41,Female,Portugal,Google Ads,2024-05-18,2024-06-24,11,7.2,69,18,9,300.77,Yes,0.16,4.1,No
C0663,30,Male,France,Referral,2024-01-17,2024-03-28,22,3.1,85,33,14,595.69,No,0.04,3.6,Yes
C0664,36,Female,France,Organic Search,2024-04-09,2024-07-08,53,6.5,180,62,36,1731.83,Yes,0.18,4.8,Yes
C0665,19,Female,Spain,TikTok,2024-10-27,2024-11-15,23,7.8,100,23,8,443.27,Yes,0.48,3.5,No
C0666,63,Male,Spain,Organic Search,2024-09-21,2025-04-05,43,6.0,237,72,36,1364.37,Yes,0.18,3.7,Yes
C0667,33,Male,Germany,Organic Search,2024-11-06,2024-12-05,14,8.6,253,82,32,1670.05,Yes,0.39,3.6,Yes
C0668,49,Male,Portugal,TikTok,2024-06-09,2024-08-01,23,6.3,91,19,8,273.08,Yes,0.11,4.5,No
C0669,46,Male,France,Instagram,2024-10-18,2025-03-01,7,5.2,171,63,22,1194.16,Yes,0.23,4.0,Yes
C0670,61,Female,Portugal,Organic Search,2024-08-18,2024-11-03,48,3.7,60,19,8,397.13,Yes,0.36,4.1,No
C0671,28,Female,Germany,Instagram,2024-04-24,2024-08-11,60,9.7,218,72,24,929.75,No,0.07,3.4,No
C0672,45,Male,Germany,TikTok,2024-06-17,2024-07-13,25,9.6,178,71,28,1346.57,No,0.07,3.9,Yes
C0673,58,Male,Spain,Email Campaign,2024-10-17,2024-11-04,43,3.2,272,75,43,1481.77,No,0.49,3.4,No
C0674,35,Female,Germany,Referral,2024-03-31,2024-05-01,14,4.8,87,22,5,274.76,No,0.44,4.0,Yes
C0675,23,Female,Portugal,Email Campaign,2024-06-01,2024-07-23,17,7.0,139,53,20,828.41,Yes,0.48,3.9,Yes
C0676,53,Male,Portugal,Instagram,2024-12-07,2025-05-14,44,6.5,87,23,13,748.26,No,0.03,4.8,Yes
C0677,25,Female,France,Email Campaign,2024-09-23,2025-04-05,5,7.9,198,76,41,1860.24,Yes,0.04,4.5,No
C0678,56,Female,Spain,Google Ads,2024-06-27,2024-08-29,17,9.1,327,109,63,2193.05,No,0.03,4.8,Yes
C0679,59,Female,Germany,TikTok,2024-07-29,2024-11-06,27,6.9,340,104,42,2125.34,Yes,0.46,3.9,Yes
C0680,52,Female,Spain,TikTok,2024-05-25,2024-11-19,49,7.5,246,70,21,941.12,Yes,0.5,4.6,No
C0681,44,Male,Italy,TikTok,2024-11-15,2025-04-13,11,6.9,222,64,27,575.25,No,0.43,3.4,Yes
C0682,30,Female,Portugal,Instagram,2024-06-28,2024-11-03,31,4.9,282,102,49,2432.66,Yes,0.47,4.6,Yes
C0683,37,Female,France,Referral,2024-05-03,2024-05-14,31,4.7,69,14,3,104.93,No,0.18,4.9,Yes
C0684,30,Female,Germany,Instagram,2024-10-22,2025-02-18,13,8.6,377,123,72,1940.31,No,0.27,3.9,No
C0685,25,Female,Italy,Referral,2024-05-13,2024-10-11,15,8.0,306,80,18,378.46,Yes,0.32,4.2,No
C0686,54,Female,Portugal,Instagram,2024-03-07,2024-07-11,45,8.5,211,75,20,922.02,Yes,0.16,4.1,No
C0687,34,Male,Germany,Email Campaign,2024-02-12,2024-03-29,45,4.8,71,23,9,217.23,No,0.47,3.2,No
C0688,23,Male,Spain,TikTok,2024-07-04,2024-09-05,30,7.4,82,24,5,114.72,Yes,0.12,3.8,Yes
C0689,28,Male,Germany,Email Campaign,2024-01-06,2024-03-01,47,6.8,253,82,44,1086.28,No,0.5,4.0,Yes
C0690,51,Female,Spain,Instagram,2024-04-08,2024-09-20,6,4.5,205,41,16,417.5,No,0.08,3.4,No
C0691,35,Female,Spain,TikTok,2024-04-12,2024-05-15,27,4.8,254,78,24,1195.39,No,0.23,4.9,Yes
C0692,61,Female,Spain,TikTok,2024-02-22,2024-07-30,55,4.9,270,85,22,621.13,No,0.23,3.9,Yes
C0693,57,Male,France,Organic Search,2024-07-15,2024-11-11,17,7.1,234,63,35,1847.08,No,0.1,3.1,Yes
C0694,56,Female,France,TikTok,2024-01-16,2024-02-24,16,5.2,308,81,41,1406.7,Yes,0.12,3.7,No
C0695,38,Male,Portugal,Referral,2024-06-17,2024-08-20,34,6.9,195,70,39,1656.16,No,0.16,3.4,No
C0696,60,Male,Italy,Organic Search,2024-11-26,2025-03-23,48,5.9,255,73,38,1061.19,Yes,0.41,4.0,Yes
C0697,46,Male,Portugal,Organic Search,2024-06-16,2024-11-24,29,5.8,110,34,10,457.47,Yes,0.46,3.6,Yes
C0698,51,Male,Italy,Email Campaign,2024-11-26,2024-12-10,9,8.4,178,38,19,929.67,No,0.17,3.7,No
C0699,57,Male,Germany,TikTok,2024-06-01,2024-12-06,34,8.8,228,84,49,1217.97,No,0.47,3.2,No
C0700,24,Female,Spain,Referral,2024-08-11,2024-10-17,15,8.5,79,18,10,347.55,Yes,0.47,4.7,No
C0701,21,Female,Portugal,Instagram,2024-05-15,2024-08-17,49,4.0,206,73,25,1198.66,Yes,0.3,3.2,No
C0702,44,Female,Italy,Referral,2024-03-03,2024-07-24,38,8.4,116,36,16,944.86,No,0.39,4.0,No
C0703,40,Male,Portugal,Referral,2024-11-27,2025-06-13,59,4.3,102,34,7,278.49,Yes,0.03,3.4,Yes
C0704,39,Male,Portugal,Organic Search,2024-09-27,2025-02-15,59,9.4,130,45,14,534.25,Yes,0.43,3.2,No
C0705,46,Male,Germany,TikTok,2024-04-06,2024-05-03,22,4.7,205,47,15,821.9,Yes,0.09,4.8,Yes
C0706,29,Female,Germany,Instagram,2024-08-31,2025-02-26,38,6.6,214,57,14,588.17,No,0.23,3.3,Yes
C0707,46,Female,Portugal,Email Campaign,2024-02-20,2024-03-13,46,6.6,147,50,18,571.68,No,0.1,3.6,Yes
C0708,61,Male,Portugal,Referral,2024-05-07,2024-06-14,19,7.9,79,16,3,91.94,Yes,0.28,3.6,Yes
C0709,43,Female,Germany,Instagram,2024-04-22,2024-11-05,57,8.1,357,120,47,1261.53,Yes,0.19,3.6,Yes
C0710,29,Female,Portugal,Referral,2024-06-05,2024-12-08,20,5.3,93,24,5,137.47,No,0.09,3.0,Yes
C0711,34,Male,Spain,Google Ads,2024-12-13,2024-12-25,43,7.8,154,60,25,988.31,Yes,0.25,3.1,No
C0712,32,Male,France,Google Ads,2024-02-18,2024-03-24,24,8.8,306,106,40,1975.7,No,0.34,3.5,Yes
C0713,63,Female,France,Organic Search,2024-12-05,2025-05-16,35,4.0,93,23,9,410.33,Yes,0.49,4.7,Yes
C0714,19,Male,Germany,Organic Search,2024-12-22,2025-04-21,28,9.3,132,46,12,698.31,Yes,0.48,4.8,Yes
C0715,51,Male,Germany,Email Campaign,2024-12-13,2025-03-22,26,7.3,195,61,35,1086.75,Yes,0.04,4.0,No
C0716,47,Female,Germany,Email Campaign,2024-02-26,2024-03-09,36,5.0,373,125,48,1248.44,No,0.32,4.3,No
C0717,18,Female,France,Instagram,2024-04-21,2024-07-12,57,5.5,241,54,21,424.28,No,0.34,3.0,No
C0718,50,Male,France,Instagram,2024-12-31,2025-03-20,14,7.7,284,67,29,673.63,Yes,0.04,4.9,No
C0719,45,Female,Germany,Instagram,2024-05-13,2024-08-08,43,6.9,167,39,14,770.52,Yes,0.35,3.4,No
C0720,37,Male,France,Email Campaign,2024-10-17,2025-04-05,34,9.5,226,53,27,1440.56,Yes,0.09,3.9,No
C0721,47,Female,France,TikTok,2024-08-26,2024-12-21,31,8.5,201,41,17,991.09,No,0.06,3.3,Yes
C0722,50,Female,Italy,Google Ads,2024-11-13,2025-04-11,41,6.6,287,74,37,1321.14,No,0.34,3.9,Yes
C0723,23,Male,Portugal,Email Campaign,2024-11-28,2025-01-04,26,6.6,202,44,13,510.36,No,0.43,3.2,Yes
C0724,62,Male,Portugal,Organic Search,2024-03-14,2024-08-14,52,3.0,297,88,25,1175.68,Yes,0.16,3.6,Yes
C0725,57,Male,Germany,Instagram,2024-02-04,2024-02-14,14,3.4,265,99,40,1195.53,Yes,0.25,4.7,Yes
C0726,37,Female,Portugal,TikTok,2024-04-04,2024-06-13,58,8.7,267,82,43,2031.87,Yes,0.23,4.3,No
C0727,28,Male,Spain,TikTok,2024-09-02,2024-11-25,23,5.9,242,53,23,797.95,No,0.21,4.4,No
C0728,27,Male,Germany,Email Campaign,2024-08-22,2024-10-01,41,6.3,193,39,12,549.65,No,0.04,4.8,Yes
C0729,35,Male,Germany,Google Ads,2024-07-02,2024-11-17,59,7.6,351,105,35,1688.71,No,0.27,3.3,No
C0730,39,Female,Italy,Referral,2024-03-12,2024-06-01,55,7.0,257,85,48,1090.96,No,0.2,3.9,Yes
C0731,60,Female,Italy,Google Ads,2024-12-23,2025-03-25,42,3.7,308,97,42,2234.21,Yes,0.04,4.7,No
C0732,49,Female,Portugal,Email Campaign,2024-04-28,2024-11-11,55,7.3,110,24,13,638.64,No,0.38,3.8,No
C0733,20,Male,Portugal,TikTok,2024-07-10,2024-12-22,45,4.4,265,54,14,340.29,No,0.2,5.0,Yes
C0734,49,Female,France,Referral,2024-05-26,2024-08-01,17,3.7,286,66,34,1779.79,Yes,0.06,3.0,Yes
C0735,26,Male,Portugal,Email Campaign,2024-07-27,2024-12-29,39,6.5,271,58,15,737.99,No,0.11,3.4,Yes
C0736,57,Male,France,Instagram,2024-08-12,2024-12-09,45,6.8,175,65,27,677.37,No,0.07,4.0,No
C0737,32,Female,Portugal,Email Campaign,2024-07-18,2025-01-24,27,5.8,67,25,6,189.14,Yes,0.43,4.9,Yes
C0738,52,Male,Portugal,Organic Search,2024-08-29,2024-11-14,46,9.5,57,11,4,112.08,Yes,0.09,4.1,Yes
C0739,33,Female,Portugal,Instagram,2024-10-15,2025-03-30,49,6.9,263,92,19,1125.6,No,0.31,4.2,No
C0740,35,Male,Spain,Instagram,2024-01-19,2024-06-04,37,8.7,117,38,14,449.91,Yes,0.03,3.1,Yes
C0741,56,Female,Italy,Referral,2024-12-16,2025-07-02,6,6.1,200,59,20,701.78,Yes,0.23,3.9,No
C0742,41,Female,Italy,Google Ads,2024-06-24,2024-10-23,8,8.7,115,28,12,349.02,Yes,0.5,3.0,Yes
C0743,21,Male,Portugal,TikTok,2024-04-02,2024-06-23,7,7.6,130,35,16,476.32,No,0.08,3.8,Yes
C0744,34,Male,Portugal,TikTok,2024-12-27,2025-07-13,57,7.6,141,53,28,1056.77,No,0.47,4.6,No
C0745,35,Female,Italy,Referral,2024-10-04,2025-02-19,11,9.8,66,17,6,348.14,No,0.15,3.4,No
C0746,37,Male,Spain,Instagram,2024-07-09,2025-01-20,57,4.9,276,63,37,1773.55,No,0.48,3.0,Yes
C0747,42,Female,Italy,Instagram,2024-01-31,2024-04-21,59,6.0,216,59,12,423.64,No,0.04,3.4,No
C0748,60,Female,Portugal,Instagram,2024-10-04,2025-01-11,6,5.4,282,90,50,2845.4,No,0.41,4.2,Yes
C0749,45,Female,Italy,Referral,2024-01-30,2024-03-07,40,4.8,156,60,34,1070.89,No,0.22,4.4,Yes
C0750,47,Male,Germany,Google Ads,2024-01-08,2024-03-29,56,5.5,291,113,26,779.93,No,0.18,3.8,Yes
C0751,59,Male,France,Instagram,2024-06-06,2024-11-08,47,6.4,158,58,31,1170.32,Yes,0.23,3.9,Yes
C0752,31,Female,Italy,Instagram,2024-10-23,2024-11-22,22,6.5,292,94,30,676.85,Yes,0.14,4.6,No
C0753,58,Male,Spain,Google Ads,2024-11-12,2025-05-08,8,3.4,119,26,5,236.89,No,0.3,3.1,Yes
C0754,34,Male,France,Referral,2024-06-29,2024-11-24,50,7.0,73,23,7,161.69,No,0.07,3.2,No
C0755,22,Female,Germany,Email Campaign,2024-03-14,2024-03-30,25,4.1,266,95,31,1126.09,No,0.25,4.9,Yes
C0756,36,Male,Portugal,Organic Search,2024-01-14,2024-02-20,43,7.6,104,37,14,717.29,No,0.47,3.8,Yes
C0757,42,Male,Spain,Instagram,2024-04-24,2024-09-25,37,6.3,216,70,34,1413.0,Yes,0.43,4.1,No
C0758,51,Female,Italy,Email Campaign,2024-05-17,2024-07-15,58,7.9,206,53,15,445.84,No,0.13,3.6,Yes
C0759,64,Female,Germany,Email Campaign,2024-02-10,2024-05-20,40,8.8,232,49,16,629.86,Yes,0.24,3.8,Yes
C0760,52,Male,Spain,TikTok,2024-12-11,2025-05-19,47,7.0,93,29,15,504.94,Yes,0.06,3.8,Yes
C0761,29,Female,Spain,Instagram,2024-03-26,2024-05-05,31,7.8,128,45,21,814.68,Yes,0.08,3.1,Yes
C0762,26,Female,Portugal,TikTok,2024-06-30,2024-08-11,30,3.3,228,70,33,817.12,No,0.3,4.2,Yes
C0763,46,Female,France,Referral,2024-08-18,2025-03-05,58,6.6,193,49,19,482.3,Yes,0.37,4.2,Yes
C0764,18,Female,Spain,Referral,2024-11-28,2025-04-03,29,6.6,145,41,16,696.37,Yes,0.13,4.0,No
C0765,55,Female,Italy,Email Campaign,2024-06-14,2024-09-30,25,5.2,255,60,15,788.39,Yes,0.23,3.6,Yes
C0766,36,Male,France,Instagram,2024-05-27,2024-08-15,36,7.7,194,47,12,690.82,No,0.49,4.5,Yes
C0767,24,Male,Spain,Organic Search,2024-09-17,2024-11-09,6,4.4,223,84,49,2038.07,Yes,0.02,4.7,No
C0768,45,Female,Italy,Organic Search,2024-03-05,2024-07-09,23,4.0,299,66,31,1667.48,No,0.45,4.0,No
C0769,64,Male,France,Email Campaign,2024-02-10,2024-08-28,55,3.5,127,43,14,563.95,No,0.24,4.5,Yes
C0770,20,Female,France,Instagram,2024-12-27,2025-05-19,25,7.1,117,43,19,1046.96,Yes,0.48,4.3,No
C0771,61,Male,Spain,Email Campaign,2024-08-28,2024-10-15,36,3.0,283,67,26,657.06,Yes,0.48,4.7,Yes
C0772,49,Male,Portugal,Referral,2024-04-01,2024-04-20,31,5.1,226,57,20,867.12,No,0.25,4.3,No
C0773,36,Female,Spain,TikTok,2024-11-18,2025-03-08,43,6.0,155,47,14,402.6,No,0.22,3.9,No
C0774,47,Female,Spain,Referral,2024-02-28,2024-06-05,49,4.9,166,56,28,1101.79,No,0.31,4.4,No
C0775,44,Male,Spain,Organic Search,2024-06-14,2024-08-29,48,5.4,144,40,20,740.16,No,0.46,3.5,Yes
C0776,37,Female,Portugal,TikTok,2024-04-23,2024-09-26,15,3.1,187,45,20,1158.3,No,0.08,4.1,Yes
C0777,23,Female,Germany,Email Campaign,2024-10-10,2024-11-05,46,5.0,80,24,8,223.5,Yes,0.42,3.8,Yes
C0778,41,Female,Spain,TikTok,2024-04-20,2024-09-18,51,5.0,124,48,10,208.01,Yes,0.26,4.6,No
C0779,32,Male,Portugal,Instagram,2024-05-19,2024-06-29,57,7.9,250,68,24,1265.56,No,0.43,3.2,Yes
C0780,19,Male,Germany,Referral,2024-10-04,2025-03-17,14,5.1,96,33,17,472.11,No,0.4,3.9,Yes
C0781,30,Male,Germany,Email Campaign,2024-12-01,2025-05-07,35,4.7,189,48,11,645.43,No,0.25,4.8,Yes
C0782,49,Female,Portugal,Email Campaign,2024-10-06,2025-04-16,11,5.2,165,40,23,825.56,Yes,0.23,4.0,No
C0783,58,Male,Spain,Instagram,2024-10-14,2024-12-06,18,7.0,298,115,50,1167.78,No,0.32,3.9,Yes
C0784,21,Female,Spain,Email Campaign,2024-07-29,2024-10-26,52,6.9,149,54,11,523.16,No,0.44,3.5,No
C0785,52,Female,Germany,Email Campaign,2024-11-29,2025-02-07,25,3.9,218,74,30,1630.38,Yes,0.46,3.9,No
C0786,28,Male,Portugal,Google Ads,2024-04-11,2024-08-11,60,3.1,298,66,36,1433.07,No,0.09,4.7,Yes
C0787,45,Female,Portugal,Referral,2024-12-12,2025-03-01,38,9.7,132,42,14,644.12,Yes,0.16,4.4,Yes
C0788,51,Female,France,TikTok,2024-08-24,2024-10-26,26,5.9,344,120,71,4055.07,Yes,0.27,4.7,No
C0789,48,Male,Spain,Instagram,2024-06-08,2024-12-14,17,7.5,111,37,15,498.62,Yes,0.32,4.2,No
C0790,40,Male,Spain,Google Ads,2024-05-20,2024-08-10,57,4.4,311,116,50,1611.5,No,0.47,4.1,Yes
C0791,27,Male,Italy,Referral,2024-04-20,2024-07-10,16,4.9,122,38,9,368.03,No,0.18,4.5,Yes
C0792,60,Female,Italy,Google Ads,2024-03-27,2024-04-06,55,3.5,114,45,10,521.34,Yes,0.09,4.0,No
C0793,26,Female,Portugal,TikTok,2024-12-06,2025-04-15,25,8.9,127,38,9,381.65,No,0.39,4.4,Yes
C0794,51,Male,France,Organic Search,2024-04-19,2024-06-10,45,6.9,315,80,20,749.79,No,0.26,4.6,Yes
C0795,59,Female,Germany,Google Ads,2024-01-13,2024-04-25,59,3.1,219,77,26,961.04,Yes,0.2,3.4,Yes
C0796,41,Male,Germany,Instagram,2024-10-27,2025-01-24,26,6.4,96,36,20,802.23,Yes,0.31,3.1,No
C0797,62,Female,Portugal,Email Campaign,2024-11-16,2024-12-10,41,8.3,260,53,25,970.81,No,0.26,3.9,Yes
C0798,20,Female,Portugal,Instagram,2024-11-09,2025-05-20,14,8.0,230,79,43,1086.43,No,0.42,3.2,Yes
C0799,24,Female,France,Google Ads,2024-12-01,2025-05-17,52,6.6,64,17,7,391.91,Yes,0.45,4.2,Yes
C0800,44,Male,Germany,Instagram,2024-04-08,2024-08-24,14,8.9,306,77,20,435.61,Yes,0.35,3.8,Yes
C0801,37,Female,Portugal,Organic Search,2024-06-28,2024-08-07,26,3.6,169,53,25,1066.19,No,0.06,4.8,No
C0802,55,Male,France,Google Ads,2024-01-06,2024-03-11,45,4.3,174,50,27,1558.7,No,0.42,4.3,Yes
C0803,37,Male,Spain,TikTok,2024-12-27,2025-03-20,16,4.8,133,30,9,261.35,Yes,0.15,3.4,Yes
C0804,34,Male,Germany,TikTok,2024-06-30,2024-12-05,28,6.8,180,63,25,1329.5,Yes,0.04,4.7,Yes
C0805,62,Female,Spain,Email Campaign,2024-11-26,2025-05-29,55,6.3,135,32,15,602.26,No,0.06,4.5,No
C0806,25,Male,Portugal,TikTok,2024-03-12,2024-07-19,42,9.3,132,36,12,522.43,Yes,0.17,3.2,Yes
C0807,44,Female,Spain,Email Campaign,2024-06-21,2024-12-13,11,7.2,106,40,12,464.08,Yes,0.38,3.9,Yes
C0808,64,Female,Germany,TikTok,2024-05-04,2024-07-17,51,9.3,188,60,23,829.06,Yes,0.49,4.8,Yes
C0809,24,Female,Italy,TikTok,2024-05-17,2024-10-21,30,7.6,211,43,17,967.2,Yes,0.48,4.1,No
C0810,23,Female,Portugal,Google Ads,2024-06-26,2024-10-31,30,4.4,92,26,12,336.2,Yes,0.16,3.2,No
C0811,64,Male,Portugal,Google Ads,2024-12-16,2025-05-17,59,6.3,248,68,26,878.5,No,0.28,3.8,No
C0812,47,Male,Germany,Instagram,2024-07-17,2024-08-28,25,5.8,318,123,44,1455.72,No,0.41,4.5,Yes
C0813,40,Female,Portugal,Referral,2024-10-27,2024-11-12,19,5.8,276,88,44,1529.67,No,0.26,3.0,Yes
C0814,59,Male,Portugal,Google Ads,2024-09-12,2024-11-09,7,8.7,104,27,6,212.18,Yes,0.22,3.6,Yes
C0815,34,Female,Portugal,Google Ads,2024-03-24,2024-07-13,48,4.1,182,66,25,582.64,Yes,0.33,3.8,Yes
C0816,54,Female,Spain,Referral,2024-08-20,2024-09-01,36,8.6,238,93,33,1678.19,No,0.22,4.5,No
C0817,50,Female,Germany,TikTok,2024-12-30,2025-04-04,59,4.1,241,95,23,624.53,No,0.28,3.8,Yes
C0818,63,Female,France,Google Ads,2024-09-20,2025-03-06,51,7.2,327,95,20,625.37,Yes,0.44,3.9,No
C0819,34,Female,France,Email Campaign,2024-12-11,2025-03-06,54,7.2,310,63,19,602.86,No,0.03,3.6,Yes
C0820,64,Male,France,Organic Search,2024-07-21,2024-10-02,16,7.8,85,26,6,154.71,No,0.23,3.5,Yes
C0821,64,Female,Spain,Instagram,2024-02-09,2024-05-12,28,9.5,64,14,8,364.1,Yes,0.2,5.0,No
C0822,45,Female,France,Instagram,2024-04-04,2024-06-18,51,7.3,260,90,20,1129.88,Yes,0.4,4.1,Yes
C0823,33,Male,Italy,Email Campaign,2024-10-20,2025-02-28,18,9.4,256,99,30,1426.64,Yes,0.15,4.3,Yes
C0824,35,Male,France,TikTok,2024-04-16,2024-04-30,55,4.5,187,61,18,692.96,No,0.07,3.4,Yes
C0825,36,Female,Italy,Organic Search,2024-08-03,2025-01-22,43,6.2,140,43,16,676.9,No,0.18,3.7,Yes
C0826,31,Male,Germany,Referral,2024-07-18,2024-10-01,30,9.9,75,24,10,231.44,No,0.29,3.7,No
C0827,37,Female,France,Email Campaign,2024-08-19,2025-02-17,34,5.0,68,15,6,269.82,No,0.22,4.5,Yes
C0828,33,Female,Germany,Organic Search,2024-03-08,2024-06-22,43,8.4,379,140,33,948.16,Yes,0.29,3.4,No
C0829,53,Female,Germany,Email Campaign,2024-04-21,2024-08-16,43,5.8,157,41,14,339.16,No,0.26,4.1,No
C0830,36,Female,Germany,Google Ads,2024-03-31,2024-07-21,23,5.9,65,19,6,231.37,Yes,0.35,3.2,Yes
C0831,44,Male,Germany,Referral,2024-01-15,2024-07-01,19,7.0,110,35,14,325.08,No,0.47,3.7,No
C0832,61,Male,Germany,Email Campaign,2024-01-12,2024-07-30,43,9.1,358,128,45,1820.4,Yes,0.43,3.3,Yes
C0833,48,Male,Spain,Email Campaign,2024-03-08,2024-06-01,9,6.5,305,62,26,997.56,No,0.5,4.6,Yes
C0834,56,Female,Portugal,Google Ads,2024-05-05,2024-09-10,51,3.5,296,63,31,1465.71,No,0.44,5.0,Yes
C0835,34,Male,Germany,Referral,2024-11-06,2025-04-30,39,3.3,301,61,23,1127.95,No,0.41,4.7,Yes
C0836,63,Female,Germany,TikTok,2024-03-04,2024-04-09,14,4.0,345,87,46,2306.58,Yes,0.37,3.7,Yes
C0837,48,Male,Spain,Email Campaign,2024-02-19,2024-05-23,46,5.3,249,53,29,1150.23,Yes,0.38,3.7,Yes
C0838,62,Female,Germany,Organic Search,2024-05-20,2024-10-29,7,8.0,317,72,29,610.09,No,0.29,4.4,No
C0839,58,Female,Italy,TikTok,2024-12-31,2025-05-02,48,9.0,131,30,15,377.13,No,0.43,3.5,No
C0840,37,Male,Italy,Organic Search,2024-01-07,2024-03-23,28,4.1,245,73,40,1626.91,No,0.32,3.3,No
C0841,38,Female,Italy,TikTok,2024-09-05,2025-02-27,15,4.4,285,86,23,1285.36,Yes,0.34,3.1,No
C0842,35,Male,Spain,Referral,2024-04-10,2024-07-20,36,7.4,183,57,25,512.2,Yes,0.38,3.7,No
C0843,50,Male,France,Email Campaign,2024-10-10,2025-03-05,59,8.2,286,87,20,1038.33,No,0.29,3.5,No
C0844,32,Female,Spain,Google Ads,2024-01-21,2024-07-04,22,4.5,210,53,26,1282.67,Yes,0.45,3.3,No
C0845,55,Female,Spain,TikTok,2024-02-20,2024-07-16,55,7.1,69,18,8,222.86,Yes,0.23,4.0,No
C0846,49,Female,Italy,Organic Search,2024-01-05,2024-06-11,32,9.9,283,107,52,1960.69,Yes,0.3,4.3,Yes
C0847,44,Female,France,TikTok,2024-11-19,2025-01-13,26,6.9,214,63,19,870.41,No,0.44,3.5,No
C0848,58,Female,France,Instagram,2024-04-03,2024-08-15,5,9.5,157,59,23,916.12,Yes,0.05,3.9,No
C0849,39,Male,Germany,Google Ads,2024-02-25,2024-05-04,18,7.7,166,49,16,659.46,Yes,0.35,4.9,No
C0850,28,Male,France,TikTok,2024-03-28,2024-05-17,44,6.3,262,60,34,2014.37,No,0.39,3.5,Yes
C0851,41,Male,France,Email Campaign,2024-06-19,2025-01-01,27,3.4,314,109,41,1517.49,No,0.39,3.0,Yes
C0852,40,Male,Germany,TikTok,2024-05-20,2024-06-03,57,6.9,299,71,33,997.83,No,0.03,3.9,Yes
C0853,31,Female,Spain,Email Campaign,2024-02-24,2024-03-24,20,5.7,100,26,10,488.51,No,0.48,4.9,Yes
C0854,33,Female,Germany,Organic Search,2024-10-27,2025-02-10,8,8.2,97,20,6,249.09,No,0.46,3.2,No
C0855,64,Female,France,Google Ads,2024-03-18,2024-08-25,24,4.0,235,56,13,387.52,No,0.29,4.6,Yes
C0856,62,Female,Portugal,Email Campaign,2024-08-16,2024-10-19,16,3.8,132,38,14,466.49,No,0.14,4.5,No
C0857,45,Female,Germany,TikTok,2024-01-25,2024-06-18,8,6.8,367,146,51,2174.06,Yes,0.48,4.7,No
C0858,54,Female,France,Referral,2024-02-04,2024-08-20,9,9.5,232,50,21,514.36,Yes,0.4,4.7,No
C0859,59,Male,Italy,Instagram,2024-12-16,2025-04-15,57,5.4,126,36,20,1195.48,Yes,0.33,3.1,Yes
C0860,62,Female,Italy,Instagram,2024-07-24,2024-12-28,23,7.7,53,17,6,122.05,No,0.23,3.5,No
C0861,52,Female,France,Referral,2024-12-06,2025-02-05,54,3.7,312,98,33,1822.01,Yes,0.11,3.3,No
C0862,56,Male,Italy,Google Ads,2024-10-03,2025-01-10,9,9.6,139,52,29,1343.47,Yes,0.17,3.8,No
C0863,40,Male,Spain,Google Ads,2024-08-13,2024-09-23,58,4.4,321,88,33,1642.0,Yes,0.2,3.9,Yes
C0864,55,Male,Germany,Instagram,2024-03-30,2024-08-16,42,5.9,305,92,24,681.25,No,0.38,3.7,Yes
C0865,23,Female,Spain,TikTok,2024-05-10,2024-09-27,12,5.2,320,93,18,938.46,No,0.48,3.2,Yes
C0866,45,Female,Portugal,Google Ads,2024-12-25,2025-01-25,46,8.9,214,77,42,866.63,No,0.37,4.8,No
C0867,54,Male,Spain,Google Ads,2024-09-22,2024-11-10,13,5.9,249,73,15,657.72,Yes,0.44,4.3,Yes
C0868,44,Male,Spain,Google Ads,2024-09-22,2024-11-09,52,5.8,282,102,27,1489.4,Yes,0.4,3.1,No
C0869,34,Female,France,Instagram,2024-01-14,2024-04-17,6,6.7,332,97,47,1211.36,No,0.04,3.8,Yes
C0870,24,Male,Spain,Email Campaign,2024-04-24,2024-05-27,31,5.2,72,16,6,356.01,No,0.08,4.2,Yes
C0871,34,Male,Germany,Email Campaign,2024-12-02,2025-04-29,28,4.0,382,123,59,2307.58,Yes,0.08,4.0,Yes
C0872,65,Male,Portugal,Referral,2024-07-25,2024-10-15,44,6.6,76,18,5,246.01,No,0.18,4.9,Yes
C0873,35,Male,Italy,Email Campaign,2024-08-04,2024-11-17,47,3.1,91,28,16,341.9,No,0.32,4.6,Yes
C0874,33,Male,Portugal,TikTok,2024-06-14,2024-06-26,41,6.8,173,51,17,767.52,No,0.24,3.4,Yes
C0875,65,Female,Portugal,Referral,2024-09-20,2024-12-25,26,6.6,278,65,21,1152.46,No,0.34,4.3,No
C0876,41,Female,Portugal,Referral,2024-01-14,2024-06-11,13,6.9,74,18,6,146.67,No,0.08,3.7,Yes
C0877,50,Male,Portugal,TikTok,2024-09-18,2024-11-16,14,6.7,265,89,45,1257.62,No,0.27,4.6,Yes
C0878,52,Female,Portugal,Organic Search,2024-04-27,2024-10-31,38,9.6,92,25,6,159.75,Yes,0.42,4.5,No
C0879,45,Male,Italy,Email Campaign,2024-01-26,2024-05-17,23,3.5,156,59,34,1895.49,No,0.17,4.4,No
C0880,60,Female,Italy,Google Ads,2024-11-09,2025-04-20,9,4.7,68,23,5,196.19,Yes,0.39,4.6,Yes
C0881,59,Female,Spain,TikTok,2024-10-29,2024-12-27,20,9.6,289,78,22,1275.16,Yes,0.45,3.2,Yes
C0882,31,Female,Spain,Google Ads,2024-12-10,2025-02-28,53,6.1,146,29,7,227.12,Yes,0.39,4.2,No
C0883,52,Female,Portugal,Google Ads,2024-02-06,2024-08-18,26,9.1,274,69,41,1445.66,No,0.07,3.9,Yes
C0884,36,Male,Germany,Organic Search,2024-02-22,2024-03-25,51,7.5,265,103,56,1660.5,No,0.42,4.9,Yes
C0885,64,Female,France,Email Campaign,2024-11-23,2025-04-12,26,6.5,188,62,18,616.8,Yes,0.07,4.6,No
C0886,45,Female,Italy,Instagram,2024-12-28,2025-05-11,40,7.5,215,79,27,1100.48,No,0.04,3.2,Yes
C0887,54,Male,Portugal,Instagram,2024-05-02,2024-08-12,42,7.0,222,75,33,1736.17,Yes,0.19,4.6,Yes
C0888,20,Female,Italy,Referral,2024-08-09,2025-02-06,6,6.2,110,34,7,404.87,Yes,0.16,3.8,No
C0889,40,Female,France,Email Campaign,2024-05-07,2024-07-26,33,9.0,300,62,23,1371.7,No,0.39,3.3,Yes
C0890,65,Female,France,Email Campaign,2024-03-29,2024-08-13,59,3.6,86,22,9,446.35,Yes,0.17,3.6,Yes
C0891,38,Female,Germany,Referral,2024-04-05,2024-07-21,17,5.3,152,56,22,736.56,No,0.45,4.5,Yes
C0892,30,Female,Portugal,Organic Search,2024-12-24,2025-06-16,40,9.1,125,43,17,610.62,Yes,0.12,3.2,Yes
C0893,34,Male,Germany,Referral,2024-06-23,2024-11-16,27,4.6,196,44,15,807.01,No,0.31,4.9,No
C0894,33,Male,Portugal,Referral,2024-05-20,2024-06-05,36,5.1,107,39,23,685.72,Yes,0.23,4.6,No
C0895,57,Female,Portugal,TikTok,2024-07-31,2024-12-30,40,8.2,195,46,12,488.91,No,0.32,4.8,Yes
C0896,34,Female,France,Email Campaign,2024-07-05,2024-09-13,25,9.4,225,61,35,888.29,Yes,0.4,4.2,No
C0897,63,Female,Italy,Organic Search,2024-06-09,2024-07-15,56,7.3,274,87,42,2045.51,Yes,0.24,4.1,No
C0898,55,Female,Germany,Instagram,2024-03-28,2024-04-12,40,4.9,213,66,14,474.66,Yes,0.05,3.7,Yes
C0899,64,Male,France,Referral,2024-11-02,2025-03-17,32,4.6,276,97,24,860.4,No,0.17,4.4,No
C0900,44,Male,Italy,Organic Search,2024-12-14,2025-05-23,25,3.4,283,56,24,1163.63,No,0.3,4.5,No
C0901,64,Male,Germany,Referral,2024-04-09,2024-06-21,43,5.8,322,113,30,817.49,No,0.37,3.7,No
C0902,44,Female,Germany,Referral,2024-08-30,2024-10-14,59,5.8,178,42,13,352.25,No,0.44,4.0,No
C0903,40,Male,Spain,Email Campaign,2024-08-19,2024-09-22,38,9.9,126,25,11,652.08,Yes,0.35,3.2,No
C0904,18,Female,Portugal,TikTok,2024-06-05,2024-06-22,56,4.5,281,88,30,683.27,Yes,0.11,4.2,No
C0905,24,Male,France,Organic Search,2024-07-10,2024-12-13,16,9.5,333,95,51,2594.85,Yes,0.41,3.9,Yes
C0906,37,Female,Portugal,Instagram,2024-06-27,2024-12-28,16,9.5,201,61,34,1356.81,Yes,0.5,4.8,Yes
C0907,42,Female,Italy,Instagram,2024-12-08,2025-05-08,9,9.4,142,35,8,467.32,No,0.11,3.8,Yes
C0908,60,Male,Germany,Organic Search,2024-02-16,2024-08-13,46,3.9,171,65,27,1298.38,No,0.38,4.3,No
C0909,36,Female,Spain,TikTok,2024-08-10,2024-11-24,10,8.4,192,39,9,382.05,No,0.17,5.0,Yes
C0910,51,Male,Portugal,Google Ads,2024-02-15,2024-05-13,42,4.3,241,91,37,1688.58,Yes,0.28,3.1,No
C0911,21,Female,Italy,Referral,2024-09-17,2025-02-08,59,8.0,99,29,13,283.25,Yes,0.07,4.9,Yes
C0912,63,Male,Portugal,TikTok,2024-04-15,2024-09-18,45,8.7,206,41,23,649.55,Yes,0.46,3.0,No
C0913,29,Female,France,Google Ads,2024-07-09,2024-10-29,7,5.2,106,24,7,327.19,No,0.35,4.4,Yes
C0914,44,Male,France,TikTok,2024-07-30,2024-11-13,22,6.1,318,120,63,2490.31,Yes,0.32,3.8,Yes
C0915,22,Male,Spain,Instagram,2024-03-22,2024-08-04,9,4.8,105,32,8,396.83,No,0.16,3.6,Yes
C0916,43,Male,Portugal,Instagram,2024-10-11,2025-02-25,17,8.3,82,24,5,195.76,Yes,0.13,4.7,No
C0917,33,Female,Portugal,Organic Search,2024-07-08,2024-11-07,52,3.1,86,24,12,558.18,Yes,0.39,4.4,No
C0918,39,Female,Spain,Google Ads,2024-06-28,2024-11-03,17,5.4,308,101,36,940.46,No,0.26,3.5,Yes
C0919,19,Female,Germany,Instagram,2024-05-05,2024-10-16,38,3.1,159,49,12,702.8,Yes,0.07,3.1,Yes
C0920,64,Female,Spain,Email Campaign,2024-01-20,2024-03-06,11,7.4,247,60,21,892.68,No,0.39,3.2,No
C0921,52,Male,Italy,Instagram,2024-11-28,2025-04-08,41,9.9,225,62,29,1028.65,Yes,0.35,4.2,No
C0922,48,Male,Germany,TikTok,2024-10-01,2025-01-11,19,3.1,111,28,13,760.78,No,0.5,4.8,Yes
C0923,27,Male,France,TikTok,2024-07-29,2025-02-05,39,6.2,321,78,28,1500.95,No,0.12,3.8,Yes
C0924,46,Female,Germany,TikTok,2024-07-05,2024-10-09,25,8.1,286,80,39,1101.23,Yes,0.36,4.1,Yes
C0925,41,Female,Italy,Organic Search,2024-07-28,2024-11-10,46,7.4,134,32,8,194.77,No,0.16,4.7,Yes
C0926,30,Male,Portugal,Email Campaign,2024-10-09,2024-11-28,47,4.9,148,57,21,1212.29,Yes,0.35,3.8,Yes
C0927,27,Female,Italy,Organic Search,2024-04-11,2024-05-29,31,8.1,137,40,21,529.67,No,0.17,4.9,Yes
C0928,61,Male,Portugal,Instagram,2024-02-13,2024-02-28,5,9.7,285,106,23,1244.39,No,0.47,3.7,Yes
C0929,22,Female,France,Organic Search,2024-06-10,2024-11-16,58,4.1,196,57,27,852.92,Yes,0.41,3.3,Yes
C0930,52,Female,Portugal,Google Ads,2024-10-14,2025-03-14,45,6.1,170,57,17,916.64,Yes,0.49,4.3,No
C0931,26,Female,Portugal,TikTok,2024-07-13,2024-11-22,15,9.8,246,50,23,1212.52,No,0.3,3.4,Yes
C0932,40,Female,Italy,Instagram,2024-07-08,2024-08-04,16,9.7,88,28,13,736.72,Yes,0.5,4.6,Yes
C0933,36,Male,France,Email Campaign,2024-11-04,2025-03-20,6,9.4,250,94,34,909.92,No,0.11,3.6,Yes
C0934,38,Male,Germany,Instagram,2024-11-28,2025-02-07,49,3.6,166,41,24,804.02,No,0.38,4.5,Yes
C0935,20,Male,Italy,Organic Search,2024-01-06,2024-07-22,41,5.3,56,14,3,116.41,No,0.04,4.3,Yes
C0936,45,Female,Italy,Referral,2024-06-24,2024-08-06,27,7.7,245,61,16,500.25,Yes,0.46,4.8,No
C0937,50,Male,France,Instagram,2024-03-06,2024-04-12,20,3.1,82,19,4,171.51,Yes,0.39,4.7,No
C0938,57,Male,France,Google Ads,2024-10-25,2025-04-13,60,9.4,357,104,57,2932.38,Yes,0.31,3.1,No
C0939,29,Male,Portugal,Referral,2024-02-16,2024-02-26,32,4.4,252,84,23,1119.62,No,0.17,4.1,Yes
C0940,56,Male,Germany,TikTok,2024-05-27,2024-12-10,48,9.1,261,97,21,575.34,Yes,0.06,4.9,No
C0941,30,Male,Italy,Referral,2024-02-08,2024-04-06,16,6.0,280,73,43,1139.37,No,0.31,4.0,No
C0942,65,Male,France,Organic Search,2024-01-04,2024-06-29,48,8.7,136,34,8,179.72,No,0.19,4.5,Yes
C0943,61,Female,Portugal,Instagram,2024-12-11,2025-01-12,25,5.5,200,70,39,1869.0,Yes,0.29,4.5,No
C0944,41,Female,Germany,Email Campaign,2024-09-07,2024-12-06,39,8.6,312,74,32,694.66,No,0.22,4.8,No
C0945,47,Female,Germany,TikTok,2024-03-19,2024-05-04,52,5.6,314,87,50,2746.72,No,0.2,4.7,No
C0946,60,Male,Germany,Google Ads,2024-10-30,2024-12-26,18,9.7,96,19,7,215.85,Yes,0.03,3.8,No
C0947,35,Male,Italy,Google Ads,2024-09-06,2025-02-18,51,7.9,185,53,30,791.78,Yes,0.19,3.2,Yes
C0948,36,Male,Italy,Google Ads,2024-09-22,2025-02-05,56,7.3,110,31,6,193.92,Yes,0.18,3.6,Yes
C0949,26,Female,Italy,Email Campaign,2024-07-10,2025-01-12,60,7.8,86,23,13,292.82,No,0.2,3.5,Yes
C0950,58,Female,France,Email Campaign,2024-10-11,2025-01-16,41,8.0,303,80,22,551.88,No,0.4,4.1,Yes
C0951,33,Male,Italy,TikTok,2024-10-15,2025-02-22,6,9.2,136,41,9,450.07,No,0.06,4.0,Yes
C0952,22,Female,France,TikTok,2024-04-08,2024-06-27,50,6.4,103,28,14,545.3,Yes,0.32,3.7,Yes
C0953,35,Female,Spain,TikTok,2024-06-09,2024-11-20,39,6.7,111,40,18,1049.56,Yes,0.16,3.1,Yes
C0954,36,Male,Italy,TikTok,2024-08-04,2025-02-09,57,5.6,281,56,17,437.96,Yes,0.03,4.3,Yes
C0955,46,Female,Spain,Organic Search,2024-03-21,2024-08-30,33,3.9,268,70,40,1529.51,Yes,0.36,3.9,No
C0956,25,Male,Portugal,Email Campaign,2024-10-09,2025-02-18,28,8.9,86,22,10,420.05,No,0.33,3.8,No
C0957,59,Female,Portugal,Email Campaign,2024-10-16,2025-03-20,7,6.7,276,83,40,1941.86,No,0.05,3.1,No
C0958,23,Female,Spain,Email Campaign,2024-06-22,2024-07-22,31,8.8,150,52,20,836.09,No,0.33,3.8,No
C0959,46,Male,Spain,Instagram,2024-05-13,2024-07-20,20,9.6,70,23,9,198.89,Yes,0.25,3.1,Yes
C0960,50,Female,Spain,Email Campaign,2024-07-17,2025-01-05,47,4.5,166,33,16,635.03,No,0.28,3.1,Yes
C0961,49,Male,Italy,Email Campaign,2024-12-25,2025-01-24,42,7.4,288,78,43,1142.39,Yes,0.09,3.0,Yes
C0962,53,Female,France,Organic Search,2024-07-17,2024-09-05,58,6.1,121,42,12,333.97,No,0.21,4.3,Yes
C0963,43,Male,Italy,Google Ads,2024-02-27,2024-03-18,29,8.7,267,59,33,931.37,No,0.42,4.3,Yes
C0964,47,Male,France,Referral,2024-11-16,2025-01-23,41,4.4,332,125,37,1496.43,No,0.03,4.7,Yes
C0965,64,Female,Germany,TikTok,2024-07-19,2024-12-30,53,3.2,119,45,17,745.78,Yes,0.06,3.2,No
C0966,18,Female,Portugal,Instagram,2024-06-04,2024-10-05,29,5.6,236,74,19,420.69,Yes,0.33,4.9,Yes
C0967,44,Male,France,Email Campaign,2024-01-18,2024-02-27,24,8.5,103,26,14,776.92,Yes,0.08,4.3,Yes
C0968,29,Male,Germany,Instagram,2024-02-14,2024-08-27,20,7.8,215,80,34,1438.12,No,0.03,4.1,No
C0969,22,Female,Spain,Referral,2024-07-12,2024-07-29,7,8.4,194,55,21,567.02,Yes,0.3,3.1,No
C0970,63,Female,France,Referral,2024-09-02,2024-11-02,56,3.3,141,28,8,439.04,Yes,0.35,4.6,Yes
C0971,45,Female,Italy,Google Ads,2025-01-01,2025-07-20,8,8.1,129,35,15,573.75,No,0.28,3.7,Yes
C0972,27,Female,Italy,Referral,2024-11-23,2025-03-01,31,7.7,98,30,10,593.41,No,0.09,4.3,Yes
C0973,41,Female,Germany,Instagram,2024-11-04,2025-01-17,13,9.9,175,67,30,1140.92,Yes,0.45,3.7,Yes
C0974,56,Female,Spain,Organic Search,2024-11-19,2025-06-07,15,9.2,293,105,26,1368.91,Yes,0.42,3.8,Yes
C0975,52,Male,Italy,Organic Search,2024-02-23,2024-07-29,5,5.3,120,46,21,558.35,Yes,0.35,4.6,Yes
C0976,53,Female,France,Organic Search,2024-12-02,2025-03-22,19,7.9,236,63,22,1101.38,Yes,0.13,4.3,No
C0977,63,Male,Spain,Organic Search,2024-02-25,2024-07-10,14,9.7,312,66,38,1127.59,No,0.17,3.4,Yes
C0978,19,Male,Spain,Instagram,2024-05-31,2024-07-10,18,5.8,106,38,17,385.57,No,0.48,3.8,Yes
C0979,37,Female,Italy,TikTok,2024-07-10,2024-09-11,24,5.5,166,53,30,1362.26,Yes,0.35,5.0,Yes
C0980,62,Female,France,TikTok,2024-10-02,2024-11-06,32,8.3,271,86,47,2724.35,No,0.5,3.8,Yes
C0981,48,Female,Portugal,Organic Search,2024-02-17,2024-03-19,20,3.2,235,86,38,902.89,No,0.38,3.5,Yes
C0982,53,Female,France,Google Ads,2024-11-10,2025-03-05,11,6.2,62,20,8,376.08,Yes,0.47,3.9,Yes
C0983,42,Male,Italy,Email Campaign,2024-10-26,2024-12-05,49,7.8,191,56,31,983.8,Yes,0.04,4.2,Yes
C0984,30,Female,Portugal,TikTok,2024-05-07,2024-05-18,29,7.8,248,86,39,1055.55,No,0.04,3.4,No
C0985,32,Female,Germany,Referral,2024-02-29,2024-04-04,15,3.1,110,24,14,618.92,Yes,0.23,3.7,Yes
C0986,62,Female,Italy,Referral,2024-10-05,2024-11-11,31,5.5,179,37,13,625.06,Yes,0.05,3.5,Yes
C0987,50,Male,Germany,Google Ads,2024-03-02,2024-03-18,15,7.6,93,29,13,491.97,No,0.29,4.0,Yes
C0988,44,Male,Italy,Organic Search,2024-01-21,2024-03-30,17,7.7,91,23,11,391.91,No,0.05,4.6,No
C0989,51,Male,Italy,Email Campaign,2024-03-11,2024-06-10,20,7.4,283,83,23,1070.91,No,0.25,3.2,Yes
C0990,22,Male,Italy,Referral,2024-03-06,2024-07-24,14,8.9,283,99,38,2264.6,Yes,0.29,3.5,Yes
C0991,32,Female,France,TikTok,2024-01-31,2024-05-30,7,8.2,326,86,30,831.13,No,0.21,4.2,Yes
C0992,48,Female,Spain,Referral,2024-11-21,2025-01-10,20,8.4,223,67,26,598.06,Yes,0.22,4.1,Yes
C0993,41,Female,Portugal,TikTok,2024-05-23,2024-09-28,46,6.4,256,101,33,1763.95,No,0.46,4.7,Yes
C0994,62,Male,Italy,TikTok,2024-06-21,2024-07-24,49,5.0,183,72,29,1294.99,Yes,0.14,3.5,No
C0995,32,Female,Italy,Email Campaign,2024-05-02,2024-10-03,17,4.3,145,57,15,501.0,No,0.15,4.2,Yes
C0996,26,Female,Italy,Google Ads,2024-12-17,2025-06-20,28,4.7,243,74,24,1246.11,Yes,0.08,4.4,No
C0997,58,Female,Italy,Google Ads,2024-11-27,2025-04-13,28,4.8,117,32,15,859.49,No,0.28,3.3,Yes
C0998,53,Female,Germany,Instagram,2024-02-04,2024-04-02,56,9.9,375,94,37,2123.43,No,0.27,3.8,No
C0999,56,Male,Germany,TikTok,2024-08-11,2024-11-28,25,6.7,104,23,5,252.02,Yes,0.04,3.1,No
